from_url,to_url,anchor_context
https://hogeyecameras.com/hog-trapping-cameras-compared-2026-hogeye-vs-trail,https://hogeyecameras.com/sim-card-performance-for-ranch-cameras-lte-vs-multi-carrier,in_body
https://hogeyecameras.com/hog-trapping-cameras-compared-2026-hogeye-vs-trail,https://hogeyecameras.com/reolink-trap-mods-vs-hogeye-2026,in_body
https://hogeyecameras.com/hog-trapping-cameras-compared-2026-hogeye-vs-trail,https://hogeyecameras.com/buy-now,in_body
https://hogeyecameras.com/year-end-hog-trap-gear-audit-2026,https://hogeyecameras.com/trap-camera,in_body
https://hogeyecameras.com/year-end-hog-trap-gear-audit-2026,https://hogeyecameras.com/steel-camera,in_body
https://hogeyecameras.com/year-end-hog-trap-gear-audit-2026,https://hogeyecameras.com/net-camera-trap-remote-hog-trapping,in_body
https://hogeyecameras.com/year-end-hog-trap-gear-audit-2026,https://hogeyecameras.com/camera-resources,in_body
https://hogeyecameras.com/year-end-hog-trap-gear-audit-2026,https://hogeyecameras.com/buy-now,in_body
https://hogeyecameras.com/hog-behavior-data-in-capture-optimization,https://hogeyecameras.com/buy-now,in_body
https://hogeyecameras.com/hog-behavior-data-in-capture-optimization,https://hogeyecameras.com/camera-resources,in_body
https://hogeyecameras.com/hog-behavior-data-in-capture-optimization,https://hogeyecameras.com/hog-traps,in_body
https://hogeyecameras.com/smart-ranch-network-how-to-build-a-multi-trap-system,https://hogeyecameras.com/buy-now,in_body
https://hogeyecameras.com/smart-ranch-network-how-to-build-a-multi-trap-system,https://hogeyecameras.com/camera-resources,in_body
https://hogeyecameras.com/smart-ranch-network-how-to-build-a-multi-trap-system,https://hogeyecameras.com/hog-traps,in_body
https://hogeyecameras.com/smart-hog-trap-systems-boosts-capture-rates,https://hogeyecameras.com/buy-now,in_body
https://hogeyecameras.com/smart-hog-trap-systems-boosts-capture-rates,https://hogeyecameras.com/camera-resources,in_body
https://hogeyecameras.com/smart-hog-trap-systems-boosts-capture-rates,https://hogeyecameras.com/hog-traps,in_body
https://hogeyecameras.com/blog,https://hogeyecameras.com/how-to-plan-your-dream-home,in_body
https://hogeyecameras.com/blog,https://hogeyecameras.com/top-trends-in-texas-home-design,in_body
https://hogeyecameras.com/blog,https://hogeyecameras.com/what-to-expect-during-a-remodel,in_body
https://hogeyecameras.com/blog,https://hogeyecameras.com/signs-you-need-a-home-renovation,in_body
https://hogeyecameras.com/blog,https://hogeyecameras.com/hello-world,in_body
https://hogeyecameras.com/thank-you,https://hogeyecameras.com/buy-now,in_body
https://hogeyecameras.com/hog-traps,https://hogeyecameras.com/buy-now,in_body
https://hogeyecameras.com/camera-resources-copy,https://hogeyecameras.com/s/hogeye-quickstart-2a2s.pdf,in_body
https://hogeyecameras.com/camera-resources-copy,https://hogeyecameras.com/s/boarbuster-quickstart-1.pdf,in_body
https://hogeyecameras.com/camera-resources-copy,https://hogeyecameras.com/s/he-user-manual.pdf,in_body
https://hogeyecameras.com/camera-resources-copy,https://hogeyecameras.com/s/bpt-drop-trap-user-manual.pdf,in_body
https://hogeyecameras.com/buy-now,https://hogeyecameras.com/buy-now-legacy,in_body
https://hogeyecameras.com/camera-resources,https://hogeyecameras.com/wp-content/uploads/2025/12/quick-start-app-guide.pdf,in_body
https://hogeyecameras.com/camera-resources,https://hogeyecameras.com/wp-content/uploads/2025/12/hogeye-mini-user-manual.pdf,in_body
https://hogeyecameras.com/camera-resources,https://hogeyecameras.com/wp-content/uploads/2025/12/he-user-manual-legacy-1.pdf,in_body
https://hogeyecameras.com/camera-resources,https://hogeyecameras.com/wp-content/uploads/2025/10/🛡️-hogeye-mini-warranty-overviewshort.pdf,in_body
https://hogeyecameras.com/camera-resources,https://hogeyecameras.com/wp-content/uploads/2025/10/hogeye-mini---3-year-limited-warrantyfull.pdf,in_body
https://hogeyecameras.com/camera-resources,https://hogeyecameras.com/buy-now-legacy,in_body
https://hogeyecameras.com/camera-resources,https://hogeyecameras.com/buy-now,in_body
https://hogeyecameras.com/net-camera-trap-remote-hog-trapping,https://hogeyecameras.com/buy-now,in_body
https://hogeyecameras.com/net-camera-trap-remote-hog-trapping,https://hogeyecameras.com/camera-resources,in_body
https://hogeyecameras.com/steel-camera,https://hogeyecameras.com/buy-now,in_body
https://hogeyecameras.com/steel-camera,https://hogeyecameras.com/camera-resources,in_body
https://hogeyecameras.com/,https://hogeyecameras.com/buy-now,in_body
https://hogeyecameras.com/,https://hogeyecameras.com/buy-now-legacy,in_body
https://hogeyecameras.com/sample-page,https://hogeyecameras.com/wp-admin,in_body
