seed_keyword,question,rank_in_paa,topic_cluster,is_duplicate_question,location_code,language_code,fetched_at
feral hog damage,How much damage do feral hogs cause?,1,damage-driven,no,2840,en,2026-04-17T13:05:21.901893+00:00
feral hog damage,How much does feral hog damage cost?,2,damage-driven,no,2840,en,2026-04-17T13:05:21.901893+00:00
feral hog damage,What smell do hogs hate?,3,damage-driven,no,2840,en,2026-04-17T13:05:21.901893+00:00
feral hog damage,How many people have been killed by feral hogs?,4,damage-driven,no,2840,en,2026-04-17T13:05:21.901893+00:00
wild hog crop damage,How much damage do wild hogs cause?,1,damage-driven,no,2840,en,2026-04-17T13:05:21.901893+00:00
wild hog crop damage,What does wild hog damage look like?,2,damage-driven,no,2840,en,2026-04-17T13:05:21.901893+00:00
wild hog crop damage,What smell do hogs hate?,3,damage-driven,yes,2840,en,2026-04-17T13:05:21.901893+00:00
wild hog crop damage,Why don't we eat wild boar meat?,4,damage-driven,no,2840,en,2026-04-17T13:05:21.901893+00:00
feral pig damage cost,How much does feral hog damage cost?,1,damage-driven,yes,2840,en,2026-04-17T13:05:21.901893+00:00
feral pig damage cost,How much does a 300 lb hog sell for?,2,damage-driven,no,2840,en,2026-04-17T13:05:21.901893+00:00
feral pig damage cost,What color light do hogs not see?,3,damage-driven,no,2840,en,2026-04-17T13:05:21.901893+00:00
feral pig damage cost,Do wild pigs cause more than $100000 in crop damage annually to Georgia farmers?,4,damage-driven,no,2840,en,2026-04-17T13:05:21.901893+00:00
hog damage per acre,What smell do hogs hate?,1,damage-driven,yes,2840,en,2026-04-17T13:05:21.901893+00:00
hog damage per acre,How much does feral hog damage cost?,2,damage-driven,yes,2840,en,2026-04-17T13:05:21.901893+00:00
hog damage per acre,What color light do hogs not see?,3,damage-driven,yes,2840,en,2026-04-17T13:05:21.901893+00:00
hog damage per acre,How old is a 300 pound wild boar?,4,damage-driven,no,2840,en,2026-04-17T13:05:21.901893+00:00
feral hog depredation,What color light do hogs not see?,1,damage-driven,yes,2840,en,2026-04-17T13:05:21.901893+00:00
feral hog depredation,Why don't we eat boar meat?,2,damage-driven,no,2840,en,2026-04-17T13:05:21.901893+00:00
feral hog depredation,"Who would win in a fight, a human or a boar?",3,damage-driven,no,2840,en,2026-04-17T13:05:21.901893+00:00
feral hog depredation,Do wild pigs sleep at night?,4,damage-driven,no,2840,en,2026-04-17T13:05:21.901893+00:00
wild hog destruction,What is the best way to get rid of wild hogs?,1,damage-driven,no,2840,en,2026-04-17T13:05:21.901893+00:00
wild hog destruction,How destructive are wild hogs?,2,damage-driven,no,2840,en,2026-04-17T13:05:21.901893+00:00
wild hog destruction,What smell do hogs hate?,3,damage-driven,yes,2840,en,2026-04-17T13:05:21.901893+00:00
wild hog destruction,How to get rid of hogs but not deer?,4,damage-driven,no,2840,en,2026-04-17T13:05:21.901893+00:00
feral hog control,What is the best way to get rid of feral hogs?,1,hog-management,no,2840,en,2026-04-17T13:05:21.901893+00:00
feral hog control,What keeps feral hogs away?,2,hog-management,no,2840,en,2026-04-17T13:05:21.901893+00:00
feral hog control,Why don't we eat boar meat?,3,hog-management,yes,2840,en,2026-04-17T13:05:21.901893+00:00
feral hog control,What color light do hogs not see?,4,hog-management,yes,2840,en,2026-04-17T13:05:21.901893+00:00
wild hog management,How much does wild hog removal cost?,1,hog-management,no,2840,en,2026-04-17T13:05:21.901893+00:00
wild hog management,Why don't we eat boar meat?,2,hog-management,yes,2840,en,2026-04-17T13:05:21.901893+00:00
wild hog management,What's the best way to get rid of wild hogs?,3,hog-management,no,2840,en,2026-04-17T13:05:21.901893+00:00
wild hog management,What smell do hogs hate?,4,hog-management,yes,2840,en,2026-04-17T13:05:21.901893+00:00
hog trapping regulations Texas,Do I need a license to trap hogs in Texas?,1,regulatory,no,2840,en,2026-04-17T13:05:21.901893+00:00
hog trapping regulations Texas,Is 308 overkill for hogs?,2,regulatory,no,2840,en,2026-04-17T13:05:21.901893+00:00
hog trapping regulations Texas,What smells attract wild pigs?,3,regulatory,no,2840,en,2026-04-17T13:05:21.901893+00:00
hog trapping regulations Texas,Can I shoot a wild hog on my property in Texas?,4,regulatory,no,2840,en,2026-04-17T13:05:21.901893+00:00
feral hog trapping permit,What smell do wild pigs hate?,1,regulatory,no,2840,en,2026-04-17T13:05:21.901893+00:00
feral hog trapping permit,How much do hog trappers charge?,2,regulatory,no,2840,en,2026-04-17T13:05:21.901893+00:00
feral hog trapping permit,Do you need a license to trap hogs in Texas?,3,regulatory,no,2840,en,2026-04-17T13:05:21.901893+00:00
feral hog trapping permit,Why don't we eat boar meat?,4,regulatory,yes,2840,en,2026-04-17T13:05:21.901893+00:00
hog trap monitoring,How often should I check my hog trap?,1,trap-operations,no,2840,en,2026-04-17T13:05:21.901893+00:00
hog trap monitoring,What smell attracts pigs?,2,trap-operations,no,2840,en,2026-04-17T13:05:21.901893+00:00
hog trap monitoring,What color light do hogs not see?,3,trap-operations,yes,2840,en,2026-04-17T13:05:21.901893+00:00
hog trap monitoring,What are common hog trap mistakes?,4,trap-operations,no,2840,en,2026-04-17T13:05:21.901893+00:00
sounder capture hogs,Why are pigs called sounders?,1,trap-operations,no,2840,en,2026-04-17T13:05:21.901893+00:00
sounder capture hogs,What state has the worst feral hog problem?,2,trap-operations,no,2840,en,2026-04-17T13:05:21.901893+00:00
sounder capture hogs,How many pigs make a sounder?,3,trap-operations,no,2840,en,2026-04-17T13:05:21.901893+00:00
sounder capture hogs,Why don't we eat wild boar meat?,4,trap-operations,yes,2840,en,2026-04-17T13:05:21.901893+00:00
hog trap setup,What is the best time of day to set a trap for a groundhog?,1,trap-operations,no,2840,en,2026-04-17T13:05:21.901893+00:00
hog trap setup,What are common hog trap mistakes?,2,trap-operations,yes,2840,en,2026-04-17T13:05:21.901893+00:00
hog trap setup,How to set up hog traps?,3,trap-operations,no,2840,en,2026-04-17T13:05:21.901893+00:00
hog trap setup,What's the easiest way to trap a groundhog?,4,trap-operations,no,2840,en,2026-04-17T13:05:21.901893+00:00
hog trap placement tips,What is the best location to place hog traps?,1,trap-operations,no,2840,en,2026-04-17T13:05:21.901893+00:00
hog trap placement tips,What are common hog trap mistakes?,2,trap-operations,yes,2840,en,2026-04-17T13:05:21.901893+00:00
hog trap placement tips,What is the best time of day to set a trap for a groundhog?,3,trap-operations,yes,2840,en,2026-04-17T13:05:21.901893+00:00
hog trap placement tips,What food is irresistible to pigs?,4,trap-operations,no,2840,en,2026-04-17T13:05:21.901893+00:00
hog baiting strategy,What is the best way to bait hogs?,1,trap-operations,no,2840,en,2026-04-17T13:05:21.901893+00:00
hog baiting strategy,What food is irresistible to pigs?,2,trap-operations,yes,2840,en,2026-04-17T13:05:21.901893+00:00
hog baiting strategy,What smell attracts pigs?,3,trap-operations,yes,2840,en,2026-04-17T13:05:21.901893+00:00
hog baiting strategy,How long does it take hogs to find bait?,4,trap-operations,no,2840,en,2026-04-17T13:05:21.901893+00:00
hog trap baiting,What is the best thing to bait a hog trap with?,1,trap-operations,no,2840,en,2026-04-17T13:05:21.901893+00:00
hog trap baiting,What food is irresistible to pigs?,2,trap-operations,yes,2840,en,2026-04-17T13:05:21.901893+00:00
hog trap baiting,What's the best thing to bait a groundhog trap with?,3,trap-operations,no,2840,en,2026-04-17T13:05:21.901893+00:00
hog trap baiting,What are the common mistakes when using pig traps?,4,trap-operations,no,2840,en,2026-04-17T13:05:21.901893+00:00
cellular hog trap release,What are common hog trap mistakes?,1,remote-closure,yes,2840,en,2026-04-17T13:05:21.901893+00:00
cellular hog trap release,What color light do hogs not see?,2,remote-closure,yes,2840,en,2026-04-17T13:05:21.901893+00:00
cellular hog trap release,What food is irresistible to pigs?,3,remote-closure,yes,2840,en,2026-04-17T13:05:21.901893+00:00
cellular hog trap release,What smell attracts pigs?,4,remote-closure,yes,2840,en,2026-04-17T13:05:21.901893+00:00
best hog trap,What is the most effective hog trap?,1,trap-selection,no,2840,en,2026-04-17T13:05:21.901893+00:00
best hog trap,What food is irresistible to pigs?,2,trap-selection,yes,2840,en,2026-04-17T13:05:21.901893+00:00
best hog trap,What bait is best for hog traps?,3,trap-selection,no,2840,en,2026-04-17T13:05:21.901893+00:00
best hog trap,Why don't we eat boar meat?,4,trap-selection,yes,2840,en,2026-04-17T13:05:21.901893+00:00
corral trap wild hogs,What is the best trap for wild hogs?,1,trap-selection,no,2840,en,2026-04-17T13:05:21.901893+00:00
corral trap wild hogs,Why don't we eat boar meat?,2,trap-selection,yes,2840,en,2026-04-17T13:05:21.901893+00:00
corral trap wild hogs,What is a corral trap?,3,trap-selection,no,2840,en,2026-04-17T13:05:21.901893+00:00
corral trap wild hogs,How far away can a hog smell corn?,4,trap-selection,no,2840,en,2026-04-17T13:05:21.901893+00:00
hog trap comparison,What is the most effective hog trap?,1,trap-selection,yes,2840,en,2026-04-17T13:05:21.901893+00:00
hog trap comparison,What's the best trap for a groundhog?,2,trap-selection,no,2840,en,2026-04-17T13:05:21.901893+00:00
hog trap comparison,Do wild pigs sleep at night?,3,trap-selection,yes,2840,en,2026-04-17T13:05:21.901893+00:00
hog trap comparison,What are the disadvantages of using hog traps?,4,trap-selection,no,2840,en,2026-04-17T13:05:21.901893+00:00
box trap hogs,What color light do hogs not see?,1,trap-selection,yes,2840,en,2026-04-17T13:05:21.901893+00:00
box trap hogs,What is the best trap for wild hogs?,2,trap-selection,yes,2840,en,2026-04-17T13:05:21.901893+00:00
box trap hogs,What smells attract pigs?,3,trap-selection,no,2840,en,2026-04-17T13:05:21.901893+00:00
box trap hogs,What can I put in a box trap to catch a groundhog?,4,trap-selection,no,2840,en,2026-04-17T13:05:21.901893+00:00
hog trapping techniques,What are the common mistakes when using pig traps?,1,trap-operations,yes,2840,en,2026-04-17T13:05:21.901893+00:00
hog trapping techniques,Why don't we eat boar meat?,2,trap-operations,yes,2840,en,2026-04-17T13:05:21.901893+00:00
hog trapping techniques,What is the most effective hog trap?,3,trap-operations,yes,2840,en,2026-04-17T13:05:21.901893+00:00
hog trapping techniques,What smell attracts pigs?,4,trap-operations,yes,2840,en,2026-04-17T13:05:21.901893+00:00
how to catch wild hogs,What is the best bait for wild hogs?,1,trap-operations,no,2840,en,2026-04-17T13:05:21.901893+00:00
how to catch wild hogs,What food is irresistible to pigs?,2,trap-operations,yes,2840,en,2026-04-17T13:05:21.901893+00:00
how to catch wild hogs,What scares wild hogs away?,3,trap-operations,no,2840,en,2026-04-17T13:05:21.901893+00:00
how to catch wild hogs,Why don't we eat boar meat?,4,trap-operations,yes,2840,en,2026-04-17T13:05:21.901893+00:00
wild hog behavior,What time of day are wild boars most active?,1,trap-operations,no,2840,en,2026-04-17T13:05:21.901893+00:00
wild hog behavior,What to do if a hog is chasing you?,2,trap-operations,no,2840,en,2026-04-17T13:05:21.901893+00:00
wild hog behavior,What smells do wild pigs hate?,3,trap-operations,no,2840,en,2026-04-17T13:05:21.901893+00:00
wild hog behavior,What are some signs of wild hog presence?,4,trap-operations,no,2840,en,2026-04-17T13:05:21.901893+00:00
hog trap camera reliability,What are the cons of camera traps?,1,trap-operations,no,2840,en,2026-04-17T13:05:21.901893+00:00
hog trap camera reliability,What is the most effective hog trap?,2,trap-operations,yes,2840,en,2026-04-17T13:05:21.901893+00:00
hog trap camera reliability,Who makes the best trail camera?,3,trap-operations,no,2840,en,2026-04-17T13:05:21.901893+00:00
hog trap camera reliability,What are common hog trap mistakes?,4,trap-operations,yes,2840,en,2026-04-17T13:05:21.901893+00:00
multi trap hog operation,Why don't we eat boar meat?,1,trap-operations,yes,2840,en,2026-04-17T13:05:21.901893+00:00
multi trap hog operation,What's the easiest way to trap a groundhog?,2,trap-operations,yes,2840,en,2026-04-17T13:05:21.901893+00:00
multi trap hog operation,What are the common mistakes when using pig traps?,3,trap-operations,yes,2840,en,2026-04-17T13:05:21.901893+00:00
multi trap hog operation,What smells attract pigs?,4,trap-operations,yes,2840,en,2026-04-17T13:05:21.901893+00:00
