keyword,search_volume,cpc,competition,competition_index,low_top_of_page_bid,high_top_of_page_bid,location_code,language_code,target_domain,fetched_at
hog traps,6600,1.42,HIGH,98,0.54,1.83,2840,en,hogeyecameras.com,2026-04-17T13:04:41.475728+00:00
hog traps for sale,480,1.1,HIGH,99,0.75,1.94,2840,en,hogeyecameras.com,2026-04-17T13:04:41.475728+00:00
wild hog traps,6600,1.37,MEDIUM,50,0.64,2.06,2840,en,hogeyecameras.com,2026-04-17T13:04:41.475728+00:00
hog traps for sale near me,390,1.93,HIGH,100,0.77,2.08,2840,en,hogeyecameras.com,2026-04-17T13:04:41.475728+00:00
boar buster,170,3.29,LOW,21,1.54,3.5,2840,en,hogeyecameras.com,2026-04-17T13:04:41.475728+00:00
feral hog traps,6600,1.37,MEDIUM,50,0.64,2.06,2840,en,hogeyecameras.com,2026-04-17T13:04:41.475728+00:00
hog trap door,720,0.95,HIGH,98,0.62,2.04,2840,en,hogeyecameras.com,2026-04-17T13:04:41.475728+00:00
wild hog traps for sale,140,2.27,HIGH,88,0.43,2.5,2840,en,hogeyecameras.com,2026-04-17T13:04:41.475728+00:00
boarbuster,90,3.85,LOW,17,0.9,3.5,2840,en,hogeyecameras.com,2026-04-17T13:04:41.475728+00:00
hog eye trap,90,2.93,MEDIUM,62,0.54,3.5,2840,en,hogeyecameras.com,2026-04-17T13:04:41.475728+00:00
hog trap gate,390,1.22,HIGH,100,0.51,1.91,2840,en,hogeyecameras.com,2026-04-17T13:04:41.475728+00:00
hogeye traps,70,3.5,MEDIUM,54,0.45,3.5,2840,en,hogeyecameras.com,2026-04-17T13:04:41.475728+00:00
best hog traps,90,1.57,HIGH,100,0.68,1.9,2840,en,hogeyecameras.com,2026-04-17T13:04:41.475728+00:00
hog trap door trigger,170,1.02,HIGH,85,0.56,2.3,2840,en,hogeyecameras.com,2026-04-17T13:04:41.475728+00:00
cellular hog trap trigger,140,1.11,LOW,33,0.39,1.78,2840,en,hogeyecameras.com,2026-04-17T13:04:41.475728+00:00
wild boar trap,6600,1.37,MEDIUM,50,0.64,2.06,2840,en,hogeyecameras.com,2026-04-17T13:04:41.475728+00:00
hog trap trigger,390,1.07,HIGH,93,0.31,2.35,2840,en,hogeyecameras.com,2026-04-17T13:04:41.475728+00:00
boar buster trap,90,3.46,MEDIUM,41,0.81,3.5,2840,en,hogeyecameras.com,2026-04-17T13:04:41.475728+00:00
feral hog hunting,8100,1.48,LOW,24,0.44,1.13,2840,en,hogeyecameras.com,2026-04-17T13:04:41.475728+00:00
feral hog traps for sale,140,2.27,HIGH,88,0.43,2.5,2840,en,hogeyecameras.com,2026-04-17T13:04:41.475728+00:00
hogeye camera,140,0.92,MEDIUM,39,0.77,2.01,2840,en,hogeyecameras.com,2026-04-17T13:04:41.475728+00:00
portable hog traps for sale,10,,HIGH,75,,,2840,en,hogeyecameras.com,2026-04-17T13:04:41.475728+00:00
cellular hog trap,90,1.13,HIGH,88,0.39,1.7,2840,en,hogeyecameras.com,2026-04-17T13:04:41.475728+00:00
big hog trap,140,1.95,HIGH,83,0.56,3.5,2840,en,hogeyecameras.com,2026-04-17T13:04:41.475728+00:00
automatic hog trap,90,1.24,HIGH,100,0.36,1.74,2840,en,hogeyecameras.com,2026-04-17T13:04:41.475728+00:00
used hog traps for sale,210,0.38,MEDIUM,52,,,2840,en,hogeyecameras.com,2026-04-17T13:04:41.475728+00:00
cellular hog traps for sale,10,0.3,MEDIUM,63,,,2840,en,hogeyecameras.com,2026-04-17T13:04:41.475728+00:00
remote hog trap,110,1.21,HIGH,94,0.32,1.7,2840,en,hogeyecameras.com,2026-04-17T13:04:41.475728+00:00
remote hog trap trigger,90,0.87,HIGH,99,0.35,1.68,2840,en,hogeyecameras.com,2026-04-17T13:04:41.475728+00:00
boar buster hog trap,210,4.16,LOW,33,0.79,3.5,2840,en,hogeyecameras.com,2026-04-17T13:04:41.475728+00:00
hog eye camera,90,1.16,MEDIUM,62,0.6,2.2,2840,en,hogeyecameras.com,2026-04-17T13:04:41.475728+00:00
boar buster trap price,40,5.04,LOW,10,3.5,3.5,2840,en,hogeyecameras.com,2026-04-17T13:04:41.475728+00:00
hog drop trap,210,1.76,HIGH,91,0.5,2.19,2840,en,hogeyecameras.com,2026-04-17T13:04:41.475728+00:00
hog snares for sale,10,0.45,HIGH,100,0.28,1.7,2840,en,hogeyecameras.com,2026-04-17T13:04:41.475728+00:00
drop hog trap,210,1.76,HIGH,91,0.5,2.19,2840,en,hogeyecameras.com,2026-04-17T13:04:41.475728+00:00
cheap hog trap,110,0.45,HIGH,91,0.19,1.22,2840,en,hogeyecameras.com,2026-04-17T13:04:41.475728+00:00
hog trap cell phone trigger,10,,HIGH,67,,,2840,en,hogeyecameras.com,2026-04-17T13:04:41.475728+00:00
portable hog trap,210,1.08,LOW,20,0.35,1.94,2840,en,hogeyecameras.com,2026-04-17T13:04:41.475728+00:00
remote control hog trap,110,1.21,HIGH,94,0.32,1.7,2840,en,hogeyecameras.com,2026-04-17T13:04:41.475728+00:00
hog traps for sale louisiana,30,1.52,HIGH,100,0.81,1.99,2840,en,hogeyecameras.com,2026-04-17T13:04:41.475728+00:00
boar trap,6600,1.37,MEDIUM,50,0.64,2.06,2840,en,hogeyecameras.com,2026-04-17T13:04:41.475728+00:00
hog traps that drop,90,1.64,HIGH,100,0.49,1.81,2840,en,hogeyecameras.com,2026-04-17T13:04:41.475728+00:00
hog trap gates for sale,40,0.8,HIGH,100,0.36,1.76,2840,en,hogeyecameras.com,2026-04-17T13:04:41.475728+00:00
best hog traps for sale,10,1.01,HIGH,100,0.7,1.83,2840,en,hogeyecameras.com,2026-04-17T13:04:41.475728+00:00
hog trapping services,50,5.92,LOW,31,1.96,6.41,2840,en,hogeyecameras.com,2026-04-17T13:04:41.475728+00:00
hog eye camera system,30,1.77,HIGH,69,0.87,2.68,2840,en,hogeyecameras.com,2026-04-17T13:04:41.475728+00:00
wild hog diseases,140,,LOW,2,,,2840,en,hogeyecameras.com,2026-04-17T13:04:41.475728+00:00
wireless trap trigger system,10,0.49,LOW,14,,,2840,en,hogeyecameras.com,2026-04-17T13:04:41.475728+00:00
hogeye camera system,50,0.83,MEDIUM,48,0.93,2.27,2840,en,hogeyecameras.com,2026-04-17T13:04:41.475728+00:00
diy hog trap,320,0.03,LOW,14,,,2840,en,hogeyecameras.com,2026-04-17T13:04:41.475728+00:00
boar buster hog trap prices,20,2.69,LOW,22,,,2840,en,hogeyecameras.com,2026-04-17T13:04:41.475728+00:00
hog trapping business,10,,LOW,14,,,2840,en,hogeyecameras.com,2026-04-17T13:04:41.475728+00:00
cell phone hog trap,10,0.8,HIGH,68,0.29,1.81,2840,en,hogeyecameras.com,2026-04-17T13:04:41.475728+00:00
hog traps near me,50,4.38,MEDIUM,63,1.51,6.27,2840,en,hogeyecameras.com,2026-04-17T13:04:41.475728+00:00
hog trapping systems,20,1.44,HIGH,100,,,2840,en,hogeyecameras.com,2026-04-17T13:04:41.475728+00:00
boarbuster hog trap for sale,10,,HIGH,71,,,2840,en,hogeyecameras.com,2026-04-17T13:04:41.475728+00:00
used hog traps for sale near me,20,0.69,LOW,33,,,2840,en,hogeyecameras.com,2026-04-17T13:04:41.475728+00:00
drop hog traps for sale,10,,,,,,2840,en,hogeyecameras.com,2026-04-17T13:04:41.475728+00:00
hogeye hog traps,10,2.91,HIGH,73,0.57,3.5,2840,en,hogeyecameras.com,2026-04-17T13:04:41.475728+00:00
wild boar traps for sale,140,2.27,HIGH,88,0.43,2.5,2840,en,hogeyecameras.com,2026-04-17T13:04:41.475728+00:00
boarbuster hog trap,260,4.64,LOW,2,0.87,3.5,2840,en,hogeyecameras.com,2026-04-17T13:04:41.475728+00:00
hog buster,20,5.41,LOW,10,,,2840,en,hogeyecameras.com,2026-04-17T13:04:41.475728+00:00
cellular hog trap gate,50,1.2,HIGH,99,0.43,1.59,2840,en,hogeyecameras.com,2026-04-17T13:04:41.475728+00:00
wireless hog trap trigger,20,1.46,MEDIUM,36,,,2840,en,hogeyecameras.com,2026-04-17T13:04:41.475728+00:00
best wild hog traps,10,3.41,HIGH,100,,,2840,en,hogeyecameras.com,2026-04-17T13:04:41.475728+00:00
hog trap door designs,170,0.42,LOW,30,,,2840,en,hogeyecameras.com,2026-04-17T13:04:41.475728+00:00
hog trap gate trigger,70,0.93,MEDIUM,38,0.49,2.3,2840,en,hogeyecameras.com,2026-04-17T13:04:41.475728+00:00
cell phone activated hog trap door,10,0.4,HIGH,83,,,2840,en,hogeyecameras.com,2026-04-17T13:04:41.475728+00:00
boar buster trap for sale,40,1.74,MEDIUM,34,0.84,3.5,2840,en,hogeyecameras.com,2026-04-17T13:04:41.475728+00:00
automatic hog trap door,40,0.86,HIGH,100,0.26,1.67,2840,en,hogeyecameras.com,2026-04-17T13:04:41.475728+00:00
cellular hog trap door,10,0.72,HIGH,100,,,2840,en,hogeyecameras.com,2026-04-17T13:04:41.475728+00:00
drop trap for hogs,70,1.44,HIGH,99,0.63,2.08,2840,en,hogeyecameras.com,2026-04-17T13:04:41.475728+00:00
buy hog trap,10,,HIGH,80,,,2840,en,hogeyecameras.com,2026-04-17T13:04:41.475728+00:00
live hog traps,30,0.9,HIGH,82,0.43,1.65,2840,en,hogeyecameras.com,2026-04-17T13:04:41.475728+00:00
homemade hog trap,260,0.45,LOW,20,,,2840,en,hogeyecameras.com,2026-04-17T13:04:41.475728+00:00
electric hog trap,40,1.35,HIGH,91,0.39,1.77,2840,en,hogeyecameras.com,2026-04-17T13:04:41.475728+00:00
catching wild hogs,50,,LOW,1,,,2840,en,hogeyecameras.com,2026-04-17T13:04:41.475728+00:00
hog trap drop gate,70,1.45,HIGH,94,0.41,2.42,2840,en,hogeyecameras.com,2026-04-17T13:04:41.475728+00:00
cell phone hog trap trigger,10,1.87,MEDIUM,50,0.38,1.73,2840,en,hogeyecameras.com,2026-04-17T13:04:41.475728+00:00
catching hogs in traps,10,,LOW,18,,,2840,en,hogeyecameras.com,2026-04-17T13:04:41.475728+00:00
best hog trap design,10,2.92,HIGH,100,,,2840,en,hogeyecameras.com,2026-04-17T13:04:41.475728+00:00
6 hog trap,10,,HIGH,100,,,2840,en,hogeyecameras.com,2026-04-17T13:04:41.475728+00:00
a wild hog,90,,LOW,0,,,2840,en,hogeyecameras.com,2026-04-17T13:04:41.475728+00:00
automatic hog trap gate,10,2.84,HIGH,95,0.63,1.94,2840,en,hogeyecameras.com,2026-04-17T13:04:41.475728+00:00
best hog trap door,10,0.51,HIGH,79,,,2840,en,hogeyecameras.com,2026-04-17T13:04:41.475728+00:00
best hog trap door design,10,,HIGH,69,,,2840,en,hogeyecameras.com,2026-04-17T13:04:41.475728+00:00
best way to catch wild hogs,10,2.82,HIGH,100,,,2840,en,hogeyecameras.com,2026-04-17T13:04:41.475728+00:00
best way to trap hogs,10,,MEDIUM,61,,,2840,en,hogeyecameras.com,2026-04-17T13:04:41.475728+00:00
best way to trap wild hogs,10,,HIGH,100,,,2840,en,hogeyecameras.com,2026-04-17T13:04:41.475728+00:00
big wild hog,720,,LOW,0,,,2840,en,hogeyecameras.com,2026-04-17T13:04:41.475728+00:00
boar buster cost,10,,LOW,14,,,2840,en,hogeyecameras.com,2026-04-17T13:04:41.475728+00:00
boar buster for sale,10,4.9,LOW,21,,,2840,en,hogeyecameras.com,2026-04-17T13:04:41.475728+00:00
boar buster hog trap for sale,40,1.74,MEDIUM,34,0.84,3.5,2840,en,hogeyecameras.com,2026-04-17T13:04:41.475728+00:00
boar buster trap video,10,,,,,,2840,en,hogeyecameras.com,2026-04-17T13:04:41.475728+00:00
boar cage trap,10,0.05,HIGH,100,,,2840,en,hogeyecameras.com,2026-04-17T13:04:41.475728+00:00
boar usa,320,4.38,LOW,1,0.55,2.66,2840,en,hogeyecameras.com,2026-04-17T13:04:41.475728+00:00
boarbuster camera,10,1.94,MEDIUM,40,1.33,4.41,2840,en,hogeyecameras.com,2026-04-17T13:04:41.475728+00:00
boarbuster for sale,10,,,,,,2840,en,hogeyecameras.com,2026-04-17T13:04:41.475728+00:00
boarbuster hog trap price,20,2.69,LOW,22,,,2840,en,hogeyecameras.com,2026-04-17T13:04:41.475728+00:00
boarbuster trap,40,5.34,LOW,11,0.43,3.5,2840,en,hogeyecameras.com,2026-04-17T13:04:41.475728+00:00
boarbuster traps for sale,10,,LOW,29,,,2840,en,hogeyecameras.com,2026-04-17T13:04:41.475728+00:00
catching feral hogs,40,1.16,LOW,15,0.72,2.1,2840,en,hogeyecameras.com,2026-04-17T13:04:41.475728+00:00
catching hogs,50,,LOW,5,,,2840,en,hogeyecameras.com,2026-04-17T13:04:41.475728+00:00
catching wild boar,40,1.16,LOW,15,0.72,2.1,2840,en,hogeyecameras.com,2026-04-17T13:04:41.475728+00:00
catching wild hogs in traps,10,,LOW,17,,,2840,en,hogeyecameras.com,2026-04-17T13:04:41.475728+00:00
catching wild pigs,10,,LOW,5,,,2840,en,hogeyecameras.com,2026-04-17T13:04:41.475728+00:00
cell phone activated hog trap,10,1.54,MEDIUM,43,,,2840,en,hogeyecameras.com,2026-04-17T13:04:41.475728+00:00
cheap hog traps for sale,10,,LOW,0,,,2840,en,hogeyecameras.com,2026-04-17T13:04:41.475728+00:00
custom hog traps,10,,HIGH,83,,,2840,en,hogeyecameras.com,2026-04-17T13:04:41.475728+00:00
deer in hog trap,10,,LOW,0,,,2840,en,hogeyecameras.com,2026-04-17T13:04:41.475728+00:00
difference between wild boar and feral hog,10,,LOW,0,,,2840,en,hogeyecameras.com,2026-04-17T13:04:41.475728+00:00
different types of hog traps,10,0.33,HIGH,79,,,2840,en,hogeyecameras.com,2026-04-17T13:04:41.475728+00:00
diy hog trap door,20,,LOW,6,,,2840,en,hogeyecameras.com,2026-04-17T13:04:41.475728+00:00
diy hog trap gate,10,,LOW,2,,,2840,en,hogeyecameras.com,2026-04-17T13:04:41.475728+00:00
diy hog trap plans,10,,LOW,0,,,2840,en,hogeyecameras.com,2026-04-17T13:04:41.475728+00:00
diy hog trap trigger,30,,LOW,0,,,2840,en,hogeyecameras.com,2026-04-17T13:04:41.475728+00:00
drop door hog trap,10,,HIGH,86,,,2840,en,hogeyecameras.com,2026-04-17T13:04:41.475728+00:00
drop gate for hog trap,40,1.06,HIGH,96,0.41,2.17,2840,en,hogeyecameras.com,2026-04-17T13:04:41.475728+00:00
drop gate hog trap,30,1.47,HIGH,86,0.6,2.3,2840,en,hogeyecameras.com,2026-04-17T13:04:41.475728+00:00
easy hog trap,10,,LOW,8,,,2840,en,hogeyecameras.com,2026-04-17T13:04:41.475728+00:00
farrow hogs,12100,1.15,LOW,0,0.03,2.17,2840,en,hogeyecameras.com,2026-04-17T13:04:41.475728+00:00
feral boar hunting,40,1.52,LOW,18,0.64,1.22,2840,en,hogeyecameras.com,2026-04-17T13:04:41.475728+00:00
feral boars,9900,1.65,LOW,0,0.03,2.66,2840,en,hogeyecameras.com,2026-04-17T13:04:41.475728+00:00
feral hog control,2400,1.92,LOW,1,0.41,2.66,2840,en,hogeyecameras.com,2026-04-17T13:04:41.475728+00:00
feral hog damage,170,,LOW,1,,,2840,en,hogeyecameras.com,2026-04-17T13:04:41.475728+00:00
feral hog disease,140,,LOW,2,,,2840,en,hogeyecameras.com,2026-04-17T13:04:41.475728+00:00
feral hog eradication program,10,,LOW,0,,,2840,en,hogeyecameras.com,2026-04-17T13:04:41.475728+00:00
feral hog hunting in louisiana,90,,LOW,3,,,2840,en,hogeyecameras.com,2026-04-17T13:04:41.475728+00:00
feral hog management,30,,LOW,6,,,2840,en,hogeyecameras.com,2026-04-17T13:04:41.475728+00:00
feral hog problem,70,0.03,LOW,1,,,2840,en,hogeyecameras.com,2026-04-17T13:04:41.475728+00:00
feral hog problem in the united states,10,,LOW,3,,,2840,en,hogeyecameras.com,2026-04-17T13:04:41.475728+00:00
feral hog range,320,,LOW,0,,,2840,en,hogeyecameras.com,2026-04-17T13:04:41.475728+00:00
feral hog signs,320,0.21,LOW,6,,,2840,en,hogeyecameras.com,2026-04-17T13:04:41.475728+00:00
feral hog snares,90,0.44,HIGH,94,0.27,1.96,2840,en,hogeyecameras.com,2026-04-17T13:04:41.475728+00:00
feral hog solutions,10,,LOW,0,,,2840,en,hogeyecameras.com,2026-04-17T13:04:41.475728+00:00
feral hog traps design,30,2.61,LOW,23,,,2840,en,hogeyecameras.com,2026-04-17T13:04:41.475728+00:00
feral hog videos,390,3.58,LOW,0,,,2840,en,hogeyecameras.com,2026-04-17T13:04:41.475728+00:00
feral hogs for sale,20,,LOW,0,,,2840,en,hogeyecameras.com,2026-04-17T13:04:41.475728+00:00
feral hogs in mo,10,,LOW,0,,,2840,en,hogeyecameras.com,2026-04-17T13:04:41.475728+00:00
feral hogs in the united states,320,4.38,LOW,1,0.55,2.66,2840,en,hogeyecameras.com,2026-04-17T13:04:41.475728+00:00
feral hogs usa,20,,LOW,0,,,2840,en,hogeyecameras.com,2026-04-17T13:04:41.475728+00:00
feral pigs hunting,8100,1.48,LOW,24,0.44,1.13,2840,en,hogeyecameras.com,2026-04-17T13:04:41.475728+00:00
feral pigs in america,50,,LOW,0,,,2840,en,hogeyecameras.com,2026-04-17T13:04:41.475728+00:00
feral pigs in usa,10,,LOW,6,,,2840,en,hogeyecameras.com,2026-04-17T13:04:41.475728+00:00
feral swine hunting,40,1.52,LOW,18,0.64,1.22,2840,en,hogeyecameras.com,2026-04-17T13:04:41.475728+00:00
hog buster trap,10,4.88,HIGH,91,0.6,3.5,2840,en,hogeyecameras.com,2026-04-17T13:04:41.475728+00:00
hog cages for sale,10,1.7,HIGH,100,,,2840,en,hogeyecameras.com,2026-04-17T13:04:41.475728+00:00
hog camera,390,0.53,LOW,0,,,2840,en,hogeyecameras.com,2026-04-17T13:04:41.475728+00:00
hog control,110,5.14,LOW,1,,,2840,en,hogeyecameras.com,2026-04-17T13:04:41.475728+00:00
hog damage,90,,LOW,0,,,2840,en,hogeyecameras.com,2026-04-17T13:04:41.475728+00:00
hog hunting business,10,,LOW,0,,,2840,en,hogeyecameras.com,2026-04-17T13:04:41.475728+00:00
hog hunting for money,10,,,,,,2840,en,hogeyecameras.com,2026-04-17T13:04:41.475728+00:00
hog hunting in mo,1000,1.63,LOW,9,0.48,1.56,2840,en,hogeyecameras.com,2026-04-17T13:04:41.475728+00:00
hog hunting traps,20,0.1,MEDIUM,38,,,2840,en,hogeyecameras.com,2026-04-17T13:04:41.475728+00:00
hog infestation,20,,LOW,0,,,2840,en,hogeyecameras.com,2026-04-17T13:04:41.475728+00:00
hog pen traps,40,1.82,HIGH,83,0.49,2.51,2840,en,hogeyecameras.com,2026-04-17T13:04:41.475728+00:00
hog problem,10,2.63,LOW,5,,,2840,en,hogeyecameras.com,2026-04-17T13:04:41.475728+00:00
hog problem in us,10,,LOW,10,,,2840,en,hogeyecameras.com,2026-04-17T13:04:41.475728+00:00
hog sign,40,,LOW,21,,,2840,en,hogeyecameras.com,2026-04-17T13:04:41.475728+00:00
hog trap camera,10,2.22,HIGH,70,0.64,2.25,2840,en,hogeyecameras.com,2026-04-17T13:04:41.475728+00:00
hog trap camera trigger,10,1.35,HIGH,70,0.55,1.76,2840,en,hogeyecameras.com,2026-04-17T13:04:41.475728+00:00
hog trap design,210,1.01,MEDIUM,49,0.82,2.17,2840,en,hogeyecameras.com,2026-04-17T13:04:41.475728+00:00
hog trap design plans,210,1.01,MEDIUM,49,0.82,2.17,2840,en,hogeyecameras.com,2026-04-17T13:04:41.475728+00:00
hog trap diy,70,,LOW,29,,,2840,en,hogeyecameras.com,2026-04-17T13:04:41.475728+00:00
hog trap door for sale,50,1.2,HIGH,76,0.37,2.25,2840,en,hogeyecameras.com,2026-04-17T13:04:41.475728+00:00
hog trap door latch,10,,LOW,0,,,2840,en,hogeyecameras.com,2026-04-17T13:04:41.475728+00:00
hog trap door plans,10,,LOW,0,,,2840,en,hogeyecameras.com,2026-04-17T13:04:41.475728+00:00
hog trap door trigger designs,140,1.07,LOW,22,,,2840,en,hogeyecameras.com,2026-04-17T13:04:41.475728+00:00
hog trap drop gate designs,10,,LOW,12,,,2840,en,hogeyecameras.com,2026-04-17T13:04:41.475728+00:00
hog trap gate designs,10,,LOW,0,,,2840,en,hogeyecameras.com,2026-04-17T13:04:41.475728+00:00
hog trap gate plans,10,,LOW,0,,,2840,en,hogeyecameras.com,2026-04-17T13:04:41.475728+00:00
hog trap plans,210,1.01,MEDIUM,49,0.82,2.17,2840,en,hogeyecameras.com,2026-04-17T13:04:41.475728+00:00
hog trap plans free,90,,LOW,3,,,2840,en,hogeyecameras.com,2026-04-17T13:04:41.475728+00:00
hog trap trailer,50,1.78,LOW,5,,,2840,en,hogeyecameras.com,2026-04-17T13:04:41.475728+00:00
hog trap trailer for sale,10,,LOW,5,,,2840,en,hogeyecameras.com,2026-04-17T13:04:41.475728+00:00
hog trap trigger designs,30,0.02,LOW,4,,,2840,en,hogeyecameras.com,2026-04-17T13:04:41.475728+00:00
hog trap trigger systems,20,1.92,HIGH,79,,,2840,en,hogeyecameras.com,2026-04-17T13:04:41.475728+00:00
hog trap triggers how to make,10,,LOW,0,,,2840,en,hogeyecameras.com,2026-04-17T13:04:41.475728+00:00
hog trap video,140,,LOW,0,,,2840,en,hogeyecameras.com,2026-04-17T13:04:41.475728+00:00
hog trapping prices,10,,HIGH,71,,,2840,en,hogeyecameras.com,2026-04-17T13:04:41.475728+00:00
hog trapping supplies,10,1.81,MEDIUM,39,,,2840,en,hogeyecameras.com,2026-04-17T13:04:41.475728+00:00
hog traps for rent,10,,MEDIUM,57,,,2840,en,hogeyecameras.com,2026-04-17T13:04:41.475728+00:00
hog traps for sale in mississippi,10,,,,,,2840,en,hogeyecameras.com,2026-04-17T13:04:41.475728+00:00
hog wild trap door,10,0.25,MEDIUM,51,,,2840,en,hogeyecameras.com,2026-04-17T13:04:41.475728+00:00
hogbuster,10,,,,,,2840,en,hogeyecameras.com,2026-04-17T13:04:41.475728+00:00
hogeye camera portal,10,,LOW,2,,,2840,en,hogeyecameras.com,2026-04-17T13:04:41.475728+00:00
hogeye camera price,10,,LOW,10,,,2840,en,hogeyecameras.com,2026-04-17T13:04:41.475728+00:00
hogeye trap cameras,10,0.56,MEDIUM,46,0.9,2.88,2840,en,hogeyecameras.com,2026-04-17T13:04:41.475728+00:00
home made hog trap,30,,LOW,24,,,2840,en,hogeyecameras.com,2026-04-17T13:04:41.475728+00:00
homemade hog trap designs,30,,LOW,6,,,2840,en,hogeyecameras.com,2026-04-17T13:04:41.475728+00:00
homemade hog traps plans,30,,LOW,6,,,2840,en,hogeyecameras.com,2026-04-17T13:04:41.475728+00:00
hunting feral swine,10,,LOW,0,,,2840,en,hogeyecameras.com,2026-04-17T13:04:41.475728+00:00
live wild hogs for sale,10,,,,,,2840,en,hogeyecameras.com,2026-04-17T13:04:41.475728+00:00
louisiana wild hogs,480,,LOW,0,,,2840,en,hogeyecameras.com,2026-04-17T13:04:41.475728+00:00
make a hog trap,70,0.57,MEDIUM,47,,,2840,en,hogeyecameras.com,2026-04-17T13:04:41.475728+00:00
mississippi hog program,10,,LOW,0,,,2840,en,hogeyecameras.com,2026-04-17T13:04:41.475728+00:00
mississippi wild hog hunting,70,1.76,LOW,2,,,2840,en,hogeyecameras.com,2026-04-17T13:04:41.475728+00:00
mobile hog trap,10,,MEDIUM,39,,,2840,en,hogeyecameras.com,2026-04-17T13:04:41.475728+00:00
nuisance hog hunting,10,1.04,LOW,19,,,2840,en,hogeyecameras.com,2026-04-17T13:04:41.475728+00:00
pigs in america,140,,LOW,1,,,2840,en,hogeyecameras.com,2026-04-17T13:04:41.475728+00:00
pigs usa,140,,LOW,1,,,2840,en,hogeyecameras.com,2026-04-17T13:04:41.475728+00:00
portable hog trap plans,30,1.62,LOW,30,,,2840,en,hogeyecameras.com,2026-04-17T13:04:41.475728+00:00
portable hog trap trailer,10,,LOW,0,,,2840,en,hogeyecameras.com,2026-04-17T13:04:41.475728+00:00
remote activated hog trap,10,,HIGH,93,0.4,2.26,2840,en,hogeyecameras.com,2026-04-17T13:04:41.475728+00:00
remote control hog trap door,10,,LOW,0,,,2840,en,hogeyecameras.com,2026-04-17T13:04:41.475728+00:00
remote controlled hog trap gate,10,,LOW,0,,,2840,en,hogeyecameras.com,2026-04-17T13:04:41.475728+00:00
remote hog trap door,20,0.77,HIGH,100,0.22,1.73,2840,en,hogeyecameras.com,2026-04-17T13:04:41.475728+00:00
remote hog trap gate,10,1.46,HIGH,68,0.18,2.05,2840,en,hogeyecameras.com,2026-04-17T13:04:41.475728+00:00
remote trigger for hog trap,20,0.48,HIGH,91,0.26,1.08,2840,en,hogeyecameras.com,2026-04-17T13:04:41.475728+00:00
shoot wild hogs,210,1.12,LOW,11,0.37,1.58,2840,en,hogeyecameras.com,2026-04-17T13:04:41.475728+00:00
shooting feral hogs,210,1.12,LOW,11,0.37,1.58,2840,en,hogeyecameras.com,2026-04-17T13:04:41.475728+00:00
shooting hogs,140,1.18,LOW,7,0.56,1.73,2840,en,hogeyecameras.com,2026-04-17T13:04:41.475728+00:00
simple hog trap,10,,MEDIUM,63,,,2840,en,hogeyecameras.com,2026-04-17T13:04:41.475728+00:00
states with feral hogs,50,,LOW,0,,,2840,en,hogeyecameras.com,2026-04-17T13:04:41.475728+00:00
states with wild hogs,70,,LOW,0,,,2840,en,hogeyecameras.com,2026-04-17T13:04:41.475728+00:00
tracking hogs,880,1.44,MEDIUM,34,0.47,2.7,2840,en,hogeyecameras.com,2026-04-17T13:04:41.475728+00:00
trap door for hog trap,720,0.95,HIGH,98,0.62,2.04,2840,en,hogeyecameras.com,2026-04-17T13:04:41.475728+00:00
trap door trigger,10,,LOW,15,,,2840,en,hogeyecameras.com,2026-04-17T13:04:41.475728+00:00
traps for hogs,10,,HIGH,100,,,2840,en,hogeyecameras.com,2026-04-17T13:04:41.475728+00:00
types of hog traps,10,0.57,MEDIUM,42,,,2840,en,hogeyecameras.com,2026-04-17T13:04:41.475728+00:00
used boarbuster for sale,10,,,,,,2840,en,hogeyecameras.com,2026-04-17T13:04:41.475728+00:00
used boarbuster hog traps for sale,10,,LOW,0,,,2840,en,hogeyecameras.com,2026-04-17T13:04:41.475728+00:00
used hog traps,10,,LOW,21,,,2840,en,hogeyecameras.com,2026-04-17T13:04:41.475728+00:00
wild boar america,70,3.48,LOW,1,,,2840,en,hogeyecameras.com,2026-04-17T13:04:41.475728+00:00
wild boar big,590,,LOW,0,,,2840,en,hogeyecameras.com,2026-04-17T13:04:41.475728+00:00
wild boar control,2400,1.92,LOW,1,0.41,2.66,2840,en,hogeyecameras.com,2026-04-17T13:04:41.475728+00:00
wild boar damage,110,,LOW,0,,,2840,en,hogeyecameras.com,2026-04-17T13:04:41.475728+00:00
wild boar feed,20,0.57,LOW,24,,,2840,en,hogeyecameras.com,2026-04-17T13:04:41.475728+00:00
wild boar hog,135000,0.51,LOW,1,0.13,4.04,2840,en,hogeyecameras.com,2026-04-17T13:04:41.475728+00:00
wild boar hunting in mississippi,70,1.76,LOW,2,,,2840,en,hogeyecameras.com,2026-04-17T13:04:41.475728+00:00
wild boar in the united states,320,4.38,LOW,1,0.55,2.66,2840,en,hogeyecameras.com,2026-04-17T13:04:41.475728+00:00
wild boar in the usa,720,,LOW,0,,,2840,en,hogeyecameras.com,2026-04-17T13:04:41.475728+00:00
wild boar management,30,,LOW,6,,,2840,en,hogeyecameras.com,2026-04-17T13:04:41.475728+00:00
wild boar mississippi,170,,LOW,0,,,2840,en,hogeyecameras.com,2026-04-17T13:04:41.475728+00:00
wild boar problem,140,,LOW,1,,,2840,en,hogeyecameras.com,2026-04-17T13:04:41.475728+00:00
wild boar sign,320,0.21,LOW,6,,,2840,en,hogeyecameras.com,2026-04-17T13:04:41.475728+00:00
wild boar trapping videos,50,,LOW,1,,,2840,en,hogeyecameras.com,2026-04-17T13:04:41.475728+00:00
wild boar united states,320,4.38,LOW,1,0.55,2.66,2840,en,hogeyecameras.com,2026-04-17T13:04:41.475728+00:00
wild boar with piglets,10,,LOW,0,,,2840,en,hogeyecameras.com,2026-04-17T13:04:41.475728+00:00
wild feral hogs,170,,LOW,0,,,2840,en,hogeyecameras.com,2026-04-17T13:04:41.475728+00:00
wild hog buyers near me,10,,LOW,0,,,2840,en,hogeyecameras.com,2026-04-17T13:04:41.475728+00:00
wild hog catch pens,10,2.88,LOW,19,,,2840,en,hogeyecameras.com,2026-04-17T13:04:41.475728+00:00
wild hog control,2400,1.92,LOW,1,0.41,2.66,2840,en,hogeyecameras.com,2026-04-17T13:04:41.475728+00:00
wild hog damage,110,,LOW,0,,,2840,en,hogeyecameras.com,2026-04-17T13:04:41.475728+00:00
wild hog destruction,20,,LOW,1,,,2840,en,hogeyecameras.com,2026-04-17T13:04:41.475728+00:00
wild hog drop trap,10,1.07,MEDIUM,44,,,2840,en,hogeyecameras.com,2026-04-17T13:04:41.475728+00:00
wild hog gate,10,,HIGH,84,,,2840,en,hogeyecameras.com,2026-04-17T13:04:41.475728+00:00
wild hog hunting in louisiana,20,,LOW,6,,,2840,en,hogeyecameras.com,2026-04-17T13:04:41.475728+00:00
wild hog live traps,30,,LOW,10,,,2840,en,hogeyecameras.com,2026-04-17T13:04:41.475728+00:00
wild hog management,30,,LOW,6,,,2840,en,hogeyecameras.com,2026-04-17T13:04:41.475728+00:00
wild hog problem,140,,LOW,1,,,2840,en,hogeyecameras.com,2026-04-17T13:04:41.475728+00:00
wild hog range,320,,LOW,0,,,2840,en,hogeyecameras.com,2026-04-17T13:04:41.475728+00:00
wild hog snares,90,0.44,HIGH,94,0.27,1.96,2840,en,hogeyecameras.com,2026-04-17T13:04:41.475728+00:00
wild hog snares for sale,10,,,,,,2840,en,hogeyecameras.com,2026-04-17T13:04:41.475728+00:00
wild hog trap designs,30,2.61,LOW,23,,,2840,en,hogeyecameras.com,2026-04-17T13:04:41.475728+00:00
wild hog trap gates,10,1.3,HIGH,100,,,2840,en,hogeyecameras.com,2026-04-17T13:04:41.475728+00:00
wild hog trap plans,30,2.61,LOW,23,,,2840,en,hogeyecameras.com,2026-04-17T13:04:41.475728+00:00
wild hog traps diy,10,,LOW,0,,,2840,en,hogeyecameras.com,2026-04-17T13:04:41.475728+00:00
wild hog usa,320,4.38,LOW,1,0.55,2.66,2840,en,hogeyecameras.com,2026-04-17T13:04:41.475728+00:00
wild hog video,390,3.58,LOW,0,,,2840,en,hogeyecameras.com,2026-04-17T13:04:41.475728+00:00
wild hog weight,110,,LOW,0,,,2840,en,hogeyecameras.com,2026-04-17T13:04:41.475728+00:00
wild hogs in mississippi,170,,LOW,0,,,2840,en,hogeyecameras.com,2026-04-17T13:04:41.475728+00:00
wild hogs in mo,10,,LOW,0,,,2840,en,hogeyecameras.com,2026-04-17T13:04:41.475728+00:00
wild pigs in america,720,,LOW,0,,,2840,en,hogeyecameras.com,2026-04-17T13:04:41.475728+00:00
wild pigs near me,30,,LOW,1,,,2840,en,hogeyecameras.com,2026-04-17T13:04:41.475728+00:00
wireless hog trap,10,2.27,HIGH,94,0.56,1.66,2840,en,hogeyecameras.com,2026-04-17T13:04:41.475728+00:00
wireless hog trap gate,10,0.93,HIGH,100,,,2840,en,hogeyecameras.com,2026-04-17T13:04:41.475728+00:00
wireless hog trap trigger system,10,0.03,HIGH,100,,,2840,en,hogeyecameras.com,2026-04-17T13:04:41.475728+00:00
wireless hog traps for sale,10,,,,,,2840,en,hogeyecameras.com,2026-04-17T13:04:41.475728+00:00
wireless rancher hog trap,10,,LOW,7,,,2840,en,hogeyecameras.com,2026-04-17T13:04:41.475728+00:00
