keyword,competitor_count,competitors,search_volume,cpc,competition,target_domain,in_hogeye_universe,location_code,language_code,fetched_at
wild hog hunting,3,"jagerpro.com, gamechangertraps.com, pigbrig.com",8100,1.48,LOW,hogeyecameras.com,no,2840,en,2026-04-17T13:05:07.589668+00:00
wild hog hunting near me,3,"jagerpro.com, gamechangertraps.com, pigbrig.com",1000,1.94,MEDIUM,hogeyecameras.com,no,2840,en,2026-04-17T13:05:07.589668+00:00
corral hog trap,3,"jagerpro.com, gamechangertraps.com, pigbrig.com",590,1.85,LOW,hogeyecameras.com,no,2840,en,2026-04-17T13:05:07.589668+00:00
wild hog deterrent,3,"jagerpro.com, gamechangertraps.com, pigbrig.com",480,0.65,HIGH,hogeyecameras.com,no,2840,en,2026-04-17T13:05:07.589668+00:00
jager hog trap,3,"jagerpro.com, gamechangertraps.com, pigbrig.com",390,4,LOW,hogeyecameras.com,no,2840,en,2026-04-17T13:05:07.589668+00:00
hog trap panels,3,"jagerpro.com, gamechangertraps.com, pigbrig.com",70,0.75,MEDIUM,hogeyecameras.com,no,2840,en,2026-04-17T13:05:07.589668+00:00
feral hog removal,3,"jagerpro.com, gamechangertraps.com, pigbrig.com",50,,LOW,hogeyecameras.com,no,2840,en,2026-04-17T13:05:07.589668+00:00
electronic hog trap,3,"jagerpro.com, gamechangertraps.com, pigbrig.com",40,1.35,HIGH,hogeyecameras.com,no,2840,en,2026-04-17T13:05:07.589668+00:00
wild hog removal,3,"jagerpro.com, gamechangertraps.com, pigbrig.com",30,13.98,MEDIUM,hogeyecameras.com,no,2840,en,2026-04-17T13:05:07.589668+00:00
wild boar cage trap,3,"jagerpro.com, gamechangertraps.com, pigbrig.com",30,,MEDIUM,hogeyecameras.com,no,2840,en,2026-04-17T13:05:07.589668+00:00
hog trap panels for sale,3,"jagerpro.com, gamechangertraps.com, pigbrig.com",10,0.95,HIGH,hogeyecameras.com,no,2840,en,2026-04-17T13:05:07.589668+00:00
wild hog corral trap,3,"jagerpro.com, gamechangertraps.com, pigbrig.com",10,7.78,LOW,hogeyecameras.com,no,2840,en,2026-04-17T13:05:07.589668+00:00
hog hunting,2,"jagerpro.com, gamechangertraps.com",6600,1.25,LOW,hogeyecameras.com,no,2840,en,2026-04-17T13:05:07.589668+00:00
hogs in a trap,2,"gamechangertraps.com, pigbrig.com",6600,1.42,HIGH,hogeyecameras.com,no,2840,en,2026-04-17T13:05:07.589668+00:00
feral hogs texas,2,"jagerpro.com, pigbrig.com",1900,5.84,LOW,hogeyecameras.com,no,2840,en,2026-04-17T13:05:07.589668+00:00
snare trap for hogs,2,"gamechangertraps.com, pigbrig.com",1600,1.2,MEDIUM,hogeyecameras.com,no,2840,en,2026-04-17T13:05:07.589668+00:00
wild hog repellent,2,"jagerpro.com, pigbrig.com",480,0.65,HIGH,hogeyecameras.com,no,2840,en,2026-04-17T13:05:07.589668+00:00
feral hog deterrent,2,"jagerpro.com, gamechangertraps.com",480,0.65,HIGH,hogeyecameras.com,no,2840,en,2026-04-17T13:05:07.589668+00:00
jager pro hog trap,2,"jagerpro.com, gamechangertraps.com",390,4,LOW,hogeyecameras.com,no,2840,en,2026-04-17T13:05:07.589668+00:00
jager pro trap,2,"jagerpro.com, gamechangertraps.com",390,4,LOW,hogeyecameras.com,no,2840,en,2026-04-17T13:05:07.589668+00:00
net hog trap,2,"gamechangertraps.com, pigbrig.com",260,2.36,HIGH,hogeyecameras.com,no,2840,en,2026-04-17T13:05:07.589668+00:00
wild hog bait,2,"gamechangertraps.com, pigbrig.com",260,0.47,HIGH,hogeyecameras.com,no,2840,en,2026-04-17T13:05:07.589668+00:00
boarbuster hog traps,2,"gamechangertraps.com, pigbrig.com",260,4.64,LOW,hogeyecameras.com,no,2840,en,2026-04-17T13:05:07.589668+00:00
hog wild hog bait,2,"gamechangertraps.com, pigbrig.com",260,0.47,HIGH,hogeyecameras.com,no,2840,en,2026-04-17T13:05:07.589668+00:00
hog trap designs,2,"gamechangertraps.com, pigbrig.com",210,1.01,MEDIUM,hogeyecameras.com,no,2840,en,2026-04-17T13:05:07.589668+00:00
cheap wild hog hunting,2,"gamechangertraps.com, pigbrig.com",170,0.74,LOW,hogeyecameras.com,no,2840,en,2026-04-17T13:05:07.589668+00:00
corral trap for feral hogs,2,"gamechangertraps.com, pigbrig.com",170,1.95,LOW,hogeyecameras.com,no,2840,en,2026-04-17T13:05:07.589668+00:00
wild hog hunting season,2,"gamechangertraps.com, pigbrig.com",170,0.29,LOW,hogeyecameras.com,no,2840,en,2026-04-17T13:05:07.589668+00:00
round hog trap,2,"gamechangertraps.com, pigbrig.com",140,1.19,HIGH,hogeyecameras.com,no,2840,en,2026-04-17T13:05:07.589668+00:00
large hog traps,2,"gamechangertraps.com, pigbrig.com",140,1.95,HIGH,hogeyecameras.com,no,2840,en,2026-04-17T13:05:07.589668+00:00
box hog trap,2,"gamechangertraps.com, pigbrig.com",140,1.19,MEDIUM,hogeyecameras.com,no,2840,en,2026-04-17T13:05:07.589668+00:00
circle hog trap,2,"gamechangertraps.com, pigbrig.com",140,1.19,HIGH,hogeyecameras.com,no,2840,en,2026-04-17T13:05:07.589668+00:00
huge hog trap,2,"gamechangertraps.com, pigbrig.com",140,1.95,HIGH,hogeyecameras.com,no,2840,en,2026-04-17T13:05:07.589668+00:00
texas feral hog problem,2,"jagerpro.com, pigbrig.com",110,,LOW,hogeyecameras.com,no,2840,en,2026-04-17T13:05:07.589668+00:00
corral trap,2,"gamechangertraps.com, pigbrig.com",110,2.07,LOW,hogeyecameras.com,no,2840,en,2026-04-17T13:05:07.589668+00:00
hog wild hog hunting,2,"gamechangertraps.com, pigbrig.com",110,3.1,LOW,hogeyecameras.com,no,2840,en,2026-04-17T13:05:07.589668+00:00
hog trap net,2,"gamechangertraps.com, pigbrig.com",90,2.54,HIGH,hogeyecameras.com,no,2840,en,2026-04-17T13:05:07.589668+00:00
trapping wild hogs in texas,2,"gamechangertraps.com, pigbrig.com",90,2.31,LOW,hogeyecameras.com,no,2840,en,2026-04-17T13:05:07.589668+00:00
c hog trap,2,"gamechangertraps.com, pigbrig.com",90,2.85,LOW,hogeyecameras.com,no,2840,en,2026-04-17T13:05:07.589668+00:00
trapping feral hogs in texas,2,"gamechangertraps.com, pigbrig.com",90,2.31,LOW,hogeyecameras.com,no,2840,en,2026-04-17T13:05:07.589668+00:00
best hog hunting,2,"jagerpro.com, gamechangertraps.com",70,1.29,MEDIUM,hogeyecameras.com,no,2840,en,2026-04-17T13:05:07.589668+00:00
feral hog hunting near me,2,"jagerpro.com, pigbrig.com",70,1.44,LOW,hogeyecameras.com,no,2840,en,2026-04-17T13:05:07.589668+00:00
best wild hog hunting,2,"jagerpro.com, gamechangertraps.com",70,1.29,MEDIUM,hogeyecameras.com,no,2840,en,2026-04-17T13:05:07.589668+00:00
building a hog trap,2,"gamechangertraps.com, pigbrig.com",70,0.57,MEDIUM,hogeyecameras.com,no,2840,en,2026-04-17T13:05:07.589668+00:00
best bait for hog trap,2,"gamechangertraps.com, pigbrig.com",70,0.46,LOW,hogeyecameras.com,no,2840,en,2026-04-17T13:05:07.589668+00:00
wild hog rooting,2,"gamechangertraps.com, pigbrig.com",70,0.8,LOW,hogeyecameras.com,no,2840,en,2026-04-17T13:05:07.589668+00:00
wild hogs rooting,2,"gamechangertraps.com, pigbrig.com",70,0.8,LOW,hogeyecameras.com,no,2840,en,2026-04-17T13:05:07.589668+00:00
hog trap doors for sale,2,"gamechangertraps.com, pigbrig.com",50,1.2,HIGH,hogeyecameras.com,no,2840,en,2026-04-17T13:05:07.589668+00:00
hog trap blueprints,2,"gamechangertraps.com, pigbrig.com",50,,LOW,hogeyecameras.com,no,2840,en,2026-04-17T13:05:07.589668+00:00
trapping wild hogs videos,2,"gamechangertraps.com, pigbrig.com",50,,LOW,hogeyecameras.com,no,2840,en,2026-04-17T13:05:07.589668+00:00
hog removal,2,"jagerpro.com, pigbrig.com",40,1.99,LOW,hogeyecameras.com,no,2840,en,2026-04-17T13:05:07.589668+00:00
hog pen trap,2,"jagerpro.com, gamechangertraps.com",40,1.82,HIGH,hogeyecameras.com,no,2840,en,2026-04-17T13:05:07.589668+00:00
hog hunting usa,2,"jagerpro.com, gamechangertraps.com",40,0.84,LOW,hogeyecameras.com,no,2840,en,2026-04-17T13:05:07.589668+00:00
bait for hog trap,2,"gamechangertraps.com, pigbrig.com",40,0.88,HIGH,hogeyecameras.com,no,2840,en,2026-04-17T13:05:07.589668+00:00
wild boar removal,2,"jagerpro.com, gamechangertraps.com",30,13.98,MEDIUM,hogeyecameras.com,no,2840,en,2026-04-17T13:05:07.589668+00:00
voorhies hog trap,2,"gamechangertraps.com, pigbrig.com",30,0.21,HIGH,hogeyecameras.com,no,2840,en,2026-04-17T13:05:07.589668+00:00
hog trap designs portable,2,"gamechangertraps.com, pigbrig.com",30,1.62,LOW,hogeyecameras.com,no,2840,en,2026-04-17T13:05:07.589668+00:00
hog trap ideas,2,"gamechangertraps.com, pigbrig.com",30,2.34,MEDIUM,hogeyecameras.com,no,2840,en,2026-04-17T13:05:07.589668+00:00
homemade hog trap door,2,"gamechangertraps.com, pigbrig.com",30,9.56,LOW,hogeyecameras.com,no,2840,en,2026-04-17T13:05:07.589668+00:00
small hog trap,2,"gamechangertraps.com, pigbrig.com",30,2.11,HIGH,hogeyecameras.com,no,2840,en,2026-04-17T13:05:07.589668+00:00
wild hog pens,2,"gamechangertraps.com, pigbrig.com",30,,LOW,hogeyecameras.com,no,2840,en,2026-04-17T13:05:07.589668+00:00
wild hog removal services,2,"jagerpro.com, pigbrig.com",20,2.77,LOW,hogeyecameras.com,no,2840,en,2026-04-17T13:05:07.589668+00:00
jager pro hog trap gate,2,"jagerpro.com, gamechangertraps.com",20,4.37,MEDIUM,hogeyecameras.com,no,2840,en,2026-04-17T13:05:07.589668+00:00
drop down hog trap,2,"gamechangertraps.com, pigbrig.com",20,1.44,HIGH,hogeyecameras.com,no,2840,en,2026-04-17T13:05:07.589668+00:00
guillotine hog trap,2,"gamechangertraps.com, pigbrig.com",20,0.22,LOW,hogeyecameras.com,no,2840,en,2026-04-17T13:05:07.589668+00:00
hog trap rental,2,"gamechangertraps.com, pigbrig.com",20,1.35,MEDIUM,hogeyecameras.com,no,2840,en,2026-04-17T13:05:07.589668+00:00
round drop hog trap,2,"gamechangertraps.com, pigbrig.com",20,1.72,HIGH,hogeyecameras.com,no,2840,en,2026-04-17T13:05:07.589668+00:00
selling feral hogs,2,"gamechangertraps.com, pigbrig.com",20,,LOW,hogeyecameras.com,no,2840,en,2026-04-17T13:05:07.589668+00:00
shooting hogs in a trap,2,"gamechangertraps.com, pigbrig.com",20,,LOW,hogeyecameras.com,no,2840,en,2026-04-17T13:05:07.589668+00:00
wild hog net trap,2,"gamechangertraps.com, pigbrig.com",20,2.68,MEDIUM,hogeyecameras.com,no,2840,en,2026-04-17T13:05:07.589668+00:00
electronic hog trap gate,2,"jagerpro.com, gamechangertraps.com",10,1.02,HIGH,hogeyecameras.com,no,2840,en,2026-04-17T13:05:07.589668+00:00
best place for hog hunting,2,"jagerpro.com, gamechangertraps.com",10,1.2,MEDIUM,hogeyecameras.com,no,2840,en,2026-04-17T13:05:07.589668+00:00
best wild boar hunting in us,2,"jagerpro.com, gamechangertraps.com",10,2.26,MEDIUM,hogeyecameras.com,no,2840,en,2026-04-17T13:05:07.589668+00:00
jager pro hog panels,2,"jagerpro.com, gamechangertraps.com",10,,LOW,hogeyecameras.com,no,2840,en,2026-04-17T13:05:07.589668+00:00
jager pro hog trap for sale,2,"jagerpro.com, gamechangertraps.com",10,2.83,MEDIUM,hogeyecameras.com,no,2840,en,2026-04-17T13:05:07.589668+00:00
hog traps for sale in texas,2,"gamechangertraps.com, pigbrig.com",10,,HIGH,hogeyecameras.com,no,2840,en,2026-04-17T13:05:07.589668+00:00
hog trapping in texas,2,"gamechangertraps.com, pigbrig.com",10,2.71,LOW,hogeyecameras.com,no,2840,en,2026-04-17T13:05:07.589668+00:00
hog traps for sale san antonio,2,"gamechangertraps.com, pigbrig.com",10,,,hogeyecameras.com,no,2840,en,2026-04-17T13:05:07.589668+00:00
round hog traps for sale,2,"gamechangertraps.com, pigbrig.com",10,,LOW,hogeyecameras.com,no,2840,en,2026-04-17T13:05:07.589668+00:00
angry boar hog traps,2,"gamechangertraps.com, pigbrig.com",10,2.55,HIGH,hogeyecameras.com,no,2840,en,2026-04-17T13:05:07.589668+00:00
hog traps for sale in georgia,2,"gamechangertraps.com, pigbrig.com",10,0.47,HIGH,hogeyecameras.com,no,2840,en,2026-04-17T13:05:07.589668+00:00
bait for feral hogs,2,"gamechangertraps.com, pigbrig.com",10,,LOW,hogeyecameras.com,no,2840,en,2026-04-17T13:05:07.589668+00:00
build your own hog trap,2,"gamechangertraps.com, pigbrig.com",10,,LOW,hogeyecameras.com,no,2840,en,2026-04-17T13:05:07.589668+00:00
building a hog trap door,2,"gamechangertraps.com, pigbrig.com",10,,LOW,hogeyecameras.com,no,2840,en,2026-04-17T13:05:07.589668+00:00
building a wild hog trap,2,"gamechangertraps.com, pigbrig.com",10,,LOW,hogeyecameras.com,no,2840,en,2026-04-17T13:05:07.589668+00:00
c&w hog traps,2,"gamechangertraps.com, pigbrig.com",10,,HIGH,hogeyecameras.com,no,2840,en,2026-04-17T13:05:07.589668+00:00
continuous catch hog traps,2,"gamechangertraps.com, pigbrig.com",10,0.53,MEDIUM,hogeyecameras.com,no,2840,en,2026-04-17T13:05:07.589668+00:00
corral hog trap design,2,"gamechangertraps.com, pigbrig.com",10,,LOW,hogeyecameras.com,no,2840,en,2026-04-17T13:05:07.589668+00:00
corral traps for capturing feral hogs,2,"gamechangertraps.com, pigbrig.com",10,,,hogeyecameras.com,no,2840,en,2026-04-17T13:05:07.589668+00:00
drop net hog trap,2,"gamechangertraps.com, pigbrig.com",10,,,hogeyecameras.com,no,2840,en,2026-04-17T13:05:07.589668+00:00
eradicating feral hogs,2,"gamechangertraps.com, pigbrig.com",10,,LOW,hogeyecameras.com,no,2840,en,2026-04-17T13:05:07.589668+00:00
getting rid of feral hogs,2,"gamechangertraps.com, pigbrig.com",10,,MEDIUM,hogeyecameras.com,no,2840,en,2026-04-17T13:05:07.589668+00:00
hog corral,2,"gamechangertraps.com, pigbrig.com",10,3.04,HIGH,hogeyecameras.com,no,2840,en,2026-04-17T13:05:07.589668+00:00
hog trap build,2,"gamechangertraps.com, pigbrig.com",10,0.14,MEDIUM,hogeyecameras.com,no,2840,en,2026-04-17T13:05:07.589668+00:00
hog trap building plans,2,"gamechangertraps.com, pigbrig.com",10,,,hogeyecameras.com,no,2840,en,2026-04-17T13:05:07.589668+00:00
hog trap dimensions,2,"gamechangertraps.com, pigbrig.com",10,,LOW,hogeyecameras.com,no,2840,en,2026-04-17T13:05:07.589668+00:00
hog trap prices,2,"gamechangertraps.com, pigbrig.com",10,,HIGH,hogeyecameras.com,no,2840,en,2026-04-17T13:05:07.589668+00:00
hog trap videos youtube,2,"gamechangertraps.com, pigbrig.com",10,,LOW,hogeyecameras.com,no,2840,en,2026-04-17T13:05:07.589668+00:00
hog trapping tips,2,"gamechangertraps.com, pigbrig.com",10,,LOW,hogeyecameras.com,no,2840,en,2026-04-17T13:05:07.589668+00:00
hog traps for sale in alabama,2,"gamechangertraps.com, pigbrig.com",10,,,hogeyecameras.com,no,2840,en,2026-04-17T13:05:07.589668+00:00
hog traps for sale in east texas,2,"gamechangertraps.com, pigbrig.com",10,,LOW,hogeyecameras.com,no,2840,en,2026-04-17T13:05:07.589668+00:00
hog traps for sale in oklahoma,2,"gamechangertraps.com, pigbrig.com",10,1.79,HIGH,hogeyecameras.com,no,2840,en,2026-04-17T13:05:07.589668+00:00
homemade wild hog traps,2,"gamechangertraps.com, pigbrig.com",10,,LOW,hogeyecameras.com,no,2840,en,2026-04-17T13:05:07.589668+00:00
new hog trap net,2,"gamechangertraps.com, pigbrig.com",10,,,hogeyecameras.com,no,2840,en,2026-04-17T13:05:07.589668+00:00
round hog trap video,2,"gamechangertraps.com, pigbrig.com",10,,LOW,hogeyecameras.com,no,2840,en,2026-04-17T13:05:07.589668+00:00
spinning hog trap,2,"gamechangertraps.com, pigbrig.com",10,,LOW,hogeyecameras.com,no,2840,en,2026-04-17T13:05:07.589668+00:00
spiral hog trap,2,"gamechangertraps.com, pigbrig.com",10,2.44,MEDIUM,hogeyecameras.com,no,2840,en,2026-04-17T13:05:07.589668+00:00
suspended hog trap,2,"gamechangertraps.com, pigbrig.com",10,,HIGH,hogeyecameras.com,no,2840,en,2026-04-17T13:05:07.589668+00:00
texas hog traps for sale,2,"gamechangertraps.com, pigbrig.com",10,0.89,HIGH,hogeyecameras.com,no,2840,en,2026-04-17T13:05:07.589668+00:00
trapping and killing wild hogs,2,"gamechangertraps.com, pigbrig.com",10,,LOW,hogeyecameras.com,no,2840,en,2026-04-17T13:05:07.589668+00:00
trapping pigs in texas,2,"gamechangertraps.com, pigbrig.com",10,,LOW,hogeyecameras.com,no,2840,en,2026-04-17T13:05:07.589668+00:00
trapping wild hogs youtube,2,"gamechangertraps.com, pigbrig.com",10,,LOW,hogeyecameras.com,no,2840,en,2026-04-17T13:05:07.589668+00:00
wild boar eradication,2,"gamechangertraps.com, pigbrig.com",10,,LOW,hogeyecameras.com,no,2840,en,2026-04-17T13:05:07.589668+00:00
wild hog eradication,2,"gamechangertraps.com, pigbrig.com",10,,LOW,hogeyecameras.com,no,2840,en,2026-04-17T13:05:07.589668+00:00
wild hog trap doors,2,"gamechangertraps.com, pigbrig.com",10,0.25,MEDIUM,hogeyecameras.com,no,2840,en,2026-04-17T13:05:07.589668+00:00
wild hog trapping in texas,2,"gamechangertraps.com, pigbrig.com",10,,MEDIUM,hogeyecameras.com,no,2840,en,2026-04-17T13:05:07.589668+00:00
wild hog animal,1,pigbrig.com,135000,0.51,LOW,hogeyecameras.com,no,2840,en,2026-04-17T13:05:07.589668+00:00
wild wild boar,1,pigbrig.com,135000,0.51,LOW,hogeyecameras.com,no,2840,en,2026-04-17T13:05:07.589668+00:00
hog hunting in texas,1,jagerpro.com,12100,0.66,LOW,hogeyecameras.com,no,2840,en,2026-04-17T13:05:07.589668+00:00
boar hunting texas,1,jagerpro.com,12100,0.66,LOW,hogeyecameras.com,no,2840,en,2026-04-17T13:05:07.589668+00:00
feral hogs,1,jagerpro.com,12100,1.15,LOW,hogeyecameras.com,no,2840,en,2026-04-17T13:05:07.589668+00:00
wild pigs,1,jagerpro.com,12100,1.7,LOW,hogeyecameras.com,no,2840,en,2026-04-17T13:05:07.589668+00:00
feral pigs,1,jagerpro.com,9900,1.65,LOW,hogeyecameras.com,no,2840,en,2026-04-17T13:05:07.589668+00:00
feral piglets,1,pigbrig.com,9900,1.65,LOW,hogeyecameras.com,no,2840,en,2026-04-17T13:05:07.589668+00:00
wild boar hunting,1,jagerpro.com,8100,1.48,LOW,hogeyecameras.com,no,2840,en,2026-04-17T13:05:07.589668+00:00
hunting wild boars,1,gamechangertraps.com,8100,1.48,LOW,hogeyecameras.com,no,2840,en,2026-04-17T13:05:07.589668+00:00
hogs in trap,1,gamechangertraps.com,6600,1.42,HIGH,hogeyecameras.com,no,2840,en,2026-04-17T13:05:07.589668+00:00
hog in trap,1,pigbrig.com,6600,1.42,HIGH,hogeyecameras.com,no,2840,en,2026-04-17T13:05:07.589668+00:00
hogs animals,1,pigbrig.com,6600,,LOW,hogeyecameras.com,no,2840,en,2026-04-17T13:05:07.589668+00:00
wild hogs in texas,1,jagerpro.com,5400,7.25,LOW,hogeyecameras.com,no,2840,en,2026-04-17T13:05:07.589668+00:00
wild pigs in texas,1,jagerpro.com,5400,7.25,LOW,hogeyecameras.com,no,2840,en,2026-04-17T13:05:07.589668+00:00
boar texas,1,pigbrig.com,5400,7.25,LOW,hogeyecameras.com,no,2840,en,2026-04-17T13:05:07.589668+00:00
texas wild boar,1,pigbrig.com,5400,7.25,LOW,hogeyecameras.com,no,2840,en,2026-04-17T13:05:07.589668+00:00
hog hunting near me,1,jagerpro.com,4400,1.47,MEDIUM,hogeyecameras.com,no,2840,en,2026-04-17T13:05:07.589668+00:00
boar hunting near me,1,jagerpro.com,4400,1.47,MEDIUM,hogeyecameras.com,no,2840,en,2026-04-17T13:05:07.589668+00:00
feral hog florida,1,pigbrig.com,4400,1.14,LOW,hogeyecameras.com,no,2840,en,2026-04-17T13:05:07.589668+00:00
florida wild boar,1,pigbrig.com,4400,1.14,LOW,hogeyecameras.com,no,2840,en,2026-04-17T13:05:07.589668+00:00
florida wild hog,1,pigbrig.com,4400,1.14,LOW,hogeyecameras.com,no,2840,en,2026-04-17T13:05:07.589668+00:00
large feral hog,1,pigbrig.com,4400,1.28,LOW,hogeyecameras.com,no,2840,en,2026-04-17T13:05:07.589668+00:00
large wild hog,1,pigbrig.com,4400,1.28,LOW,hogeyecameras.com,no,2840,en,2026-04-17T13:05:07.589668+00:00
razorback pigs,1,pigbrig.com,4400,0.12,LOW,hogeyecameras.com,no,2840,en,2026-04-17T13:05:07.589668+00:00
wild boar large,1,pigbrig.com,4400,1.28,LOW,hogeyecameras.com,no,2840,en,2026-04-17T13:05:07.589668+00:00
wild boar hunting texas,1,jagerpro.com,2900,0.66,LOW,hogeyecameras.com,no,2840,en,2026-04-17T13:05:07.589668+00:00
wild hog hunting texas,1,jagerpro.com,2900,0.66,LOW,hogeyecameras.com,no,2840,en,2026-04-17T13:05:07.589668+00:00
feral hog hunting texas,1,jagerpro.com,2900,0.66,LOW,hogeyecameras.com,no,2840,en,2026-04-17T13:05:07.589668+00:00
hog boar,1,pigbrig.com,2900,,LOW,hogeyecameras.com,no,2840,en,2026-04-17T13:05:07.589668+00:00
hog hunting oklahoma,1,jagerpro.com,2400,0.95,LOW,hogeyecameras.com,no,2840,en,2026-04-17T13:05:07.589668+00:00
oklahoma boar hunting,1,jagerpro.com,2400,0.95,LOW,hogeyecameras.com,no,2840,en,2026-04-17T13:05:07.589668+00:00
feral hog size,1,pigbrig.com,2400,,LOW,hogeyecameras.com,no,2840,en,2026-04-17T13:05:07.589668+00:00
size of wild boar,1,pigbrig.com,2400,,LOW,hogeyecameras.com,no,2840,en,2026-04-17T13:05:07.589668+00:00
feral pigs in texas,1,jagerpro.com,1900,5.84,LOW,hogeyecameras.com,no,2840,en,2026-04-17T13:05:07.589668+00:00
hog hunting in georgia,1,jagerpro.com,1600,2.17,LOW,hogeyecameras.com,no,2840,en,2026-04-17T13:05:07.589668+00:00
boar hunting,1,jagerpro.com,1600,1.38,LOW,hogeyecameras.com,no,2840,en,2026-04-17T13:05:07.589668+00:00
boar hunting georgia,1,jagerpro.com,1600,2.17,LOW,hogeyecameras.com,no,2840,en,2026-04-17T13:05:07.589668+00:00
hogs in texas,1,jagerpro.com,1600,0.86,LOW,hogeyecameras.com,no,2840,en,2026-04-17T13:05:07.589668+00:00
hog snares,1,pigbrig.com,1600,1.2,MEDIUM,hogeyecameras.com,no,2840,en,2026-04-17T13:05:07.589668+00:00
hog texas,1,pigbrig.com,1600,0.86,LOW,hogeyecameras.com,no,2840,en,2026-04-17T13:05:07.589668+00:00
pigs texas,1,pigbrig.com,1600,0.86,LOW,hogeyecameras.com,no,2840,en,2026-04-17T13:05:07.589668+00:00
feral hogs california,1,gamechangertraps.com,1300,0.6,LOW,hogeyecameras.com,no,2840,en,2026-04-17T13:05:07.589668+00:00
hunting for pigs,1,gamechangertraps.com,1300,1.25,LOW,hogeyecameras.com,no,2840,en,2026-04-17T13:05:07.589668+00:00
wild boars in california,1,gamechangertraps.com,1300,0.6,LOW,hogeyecameras.com,no,2840,en,2026-04-17T13:05:07.589668+00:00
wild hog california,1,gamechangertraps.com,1300,0.6,LOW,hogeyecameras.com,no,2840,en,2026-04-17T13:05:07.589668+00:00
hunting hogs,1,pigbrig.com,1300,1.25,LOW,hogeyecameras.com,no,2840,en,2026-04-17T13:05:07.589668+00:00
types of feral hogs,1,pigbrig.com,1300,,LOW,hogeyecameras.com,no,2840,en,2026-04-17T13:05:07.589668+00:00
texas hog hunting outfitters,1,jagerpro.com,1000,0.98,LOW,hogeyecameras.com,no,2840,en,2026-04-17T13:05:07.589668+00:00
wild boar hunting near me,1,jagerpro.com,1000,1.94,MEDIUM,hogeyecameras.com,no,2840,en,2026-04-17T13:05:07.589668+00:00
hog hunting guides in texas,1,jagerpro.com,1000,0.98,LOW,hogeyecameras.com,no,2840,en,2026-04-17T13:05:07.589668+00:00
wild boar hunt near me,1,gamechangertraps.com,1000,1.94,MEDIUM,hogeyecameras.com,no,2840,en,2026-04-17T13:05:07.589668+00:00
wild boar hunts near me,1,pigbrig.com,1000,1.94,MEDIUM,hogeyecameras.com,no,2840,en,2026-04-17T13:05:07.589668+00:00
pigbrig,1,pigbrig.com,1000,1.87,MEDIUM,hogeyecameras.com,no,2840,en,2026-04-17T13:05:07.589668+00:00
razorback wild boar,1,pigbrig.com,1000,,LOW,hogeyecameras.com,no,2840,en,2026-04-17T13:05:07.589668+00:00
alabama feral hog hunting,1,gamechangertraps.com,880,1.45,LOW,hogeyecameras.com,no,2840,en,2026-04-17T13:05:07.589668+00:00
wild hog hunting alabama,1,gamechangertraps.com,880,1.45,LOW,hogeyecameras.com,no,2840,en,2026-04-17T13:05:07.589668+00:00
spear hunting hogs,1,gamechangertraps.com,720,,LOW,hogeyecameras.com,no,2840,en,2026-04-17T13:05:07.589668+00:00
spear hunting pigs,1,gamechangertraps.com,720,,LOW,hogeyecameras.com,no,2840,en,2026-04-17T13:05:07.589668+00:00
american wild hog,1,pigbrig.com,720,,LOW,hogeyecameras.com,no,2840,en,2026-04-17T13:05:07.589668+00:00
feral hogs in america,1,pigbrig.com,720,,LOW,hogeyecameras.com,no,2840,en,2026-04-17T13:05:07.589668+00:00
feral hogs in sc,1,pigbrig.com,720,1.09,LOW,hogeyecameras.com,no,2840,en,2026-04-17T13:05:07.589668+00:00
sc wild hogs,1,pigbrig.com,720,1.09,LOW,hogeyecameras.com,no,2840,en,2026-04-17T13:05:07.589668+00:00
texas wild hog,1,pigbrig.com,720,,LOW,hogeyecameras.com,no,2840,en,2026-04-17T13:05:07.589668+00:00
wild pigs in sc,1,pigbrig.com,720,1.09,LOW,hogeyecameras.com,no,2840,en,2026-04-17T13:05:07.589668+00:00
hog hunting gear,1,jagerpro.com,590,1.79,MEDIUM,hogeyecameras.com,no,2840,en,2026-04-17T13:05:07.589668+00:00
feral hog control in texas,1,jagerpro.com,590,,LOW,hogeyecameras.com,no,2840,en,2026-04-17T13:05:07.589668+00:00
boar hunting gear,1,jagerpro.com,590,1.79,MEDIUM,hogeyecameras.com,no,2840,en,2026-04-17T13:05:07.589668+00:00
jaegerpro,1,jagerpro.com,590,5.48,LOW,hogeyecameras.com,no,2840,en,2026-04-17T13:05:07.589668+00:00
invasive wild boar,1,pigbrig.com,590,,LOW,hogeyecameras.com,no,2840,en,2026-04-17T13:05:07.589668+00:00
invasive wild pigs,1,pigbrig.com,590,,LOW,hogeyecameras.com,no,2840,en,2026-04-17T13:05:07.589668+00:00
wild hog piglets,1,pigbrig.com,590,0.02,LOW,hogeyecameras.com,no,2840,en,2026-04-17T13:05:07.589668+00:00
hog hunting outfitters,1,jagerpro.com,480,1,LOW,hogeyecameras.com,no,2840,en,2026-04-17T13:05:07.589668+00:00
wild boar deterrent,1,jagerpro.com,480,0.65,HIGH,hogeyecameras.com,no,2840,en,2026-04-17T13:05:07.589668+00:00
feral hog repellent,1,jagerpro.com,480,0.65,HIGH,hogeyecameras.com,no,2840,en,2026-04-17T13:05:07.589668+00:00
hog bait,1,gamechangertraps.com,480,0.64,HIGH,hogeyecameras.com,no,2840,en,2026-04-17T13:05:07.589668+00:00
alabama wild hog,1,gamechangertraps.com,480,,LOW,hogeyecameras.com,no,2840,en,2026-04-17T13:05:07.589668+00:00
calling feral hogs,1,gamechangertraps.com,480,0.53,LOW,hogeyecameras.com,no,2840,en,2026-04-17T13:05:07.589668+00:00
feral hogs alabama,1,gamechangertraps.com,480,,LOW,hogeyecameras.com,no,2840,en,2026-04-17T13:05:07.589668+00:00
cheap hog hunts in texas,1,jagerpro.com,390,0.67,LOW,hogeyecameras.com,no,2840,en,2026-04-17T13:05:07.589668+00:00
hog hunting trips in texas,1,jagerpro.com,390,0.95,MEDIUM,hogeyecameras.com,no,2840,en,2026-04-17T13:05:07.589668+00:00
hog hunting trip,1,jagerpro.com,390,1.3,MEDIUM,hogeyecameras.com,no,2840,en,2026-04-17T13:05:07.589668+00:00
hog hunting guides,1,jagerpro.com,390,1.07,LOW,hogeyecameras.com,no,2840,en,2026-04-17T13:05:07.589668+00:00
hog hunting equipment,1,jagerpro.com,390,0.94,MEDIUM,hogeyecameras.com,no,2840,en,2026-04-17T13:05:07.589668+00:00
hog hunting in nc,1,jagerpro.com,390,1.08,LOW,hogeyecameras.com,no,2840,en,2026-04-17T13:05:07.589668+00:00
thermal hog hunting,1,jagerpro.com,390,1.18,LOW,hogeyecameras.com,no,2840,en,2026-04-17T13:05:07.589668+00:00
boar hunting trip,1,jagerpro.com,390,1.3,MEDIUM,hogeyecameras.com,no,2840,en,2026-04-17T13:05:07.589668+00:00
hog hunting video,1,gamechangertraps.com,390,1.48,LOW,hogeyecameras.com,no,2840,en,2026-04-17T13:05:07.589668+00:00
hunting hogs videos,1,pigbrig.com,390,1.48,LOW,hogeyecameras.com,no,2840,en,2026-04-17T13:05:07.589668+00:00
videos of wild hogs,1,pigbrig.com,390,3.58,LOW,hogeyecameras.com,no,2840,en,2026-04-17T13:05:07.589668+00:00
wild hog hunting oklahoma,1,jagerpro.com,320,1.08,LOW,hogeyecameras.com,no,2840,en,2026-04-17T13:05:07.589668+00:00
night vision hog hunting,1,jagerpro.com,320,0.95,MEDIUM,hogeyecameras.com,no,2840,en,2026-04-17T13:05:07.589668+00:00
wild pigs in usa,1,gamechangertraps.com,320,4.38,LOW,hogeyecameras.com,no,2840,en,2026-04-17T13:05:07.589668+00:00
feral hog map,1,pigbrig.com,320,,LOW,hogeyecameras.com,no,2840,en,2026-04-17T13:05:07.589668+00:00
feral hogs in the us,1,pigbrig.com,320,4.38,LOW,hogeyecameras.com,no,2840,en,2026-04-17T13:05:07.589668+00:00
feral hogs in us,1,pigbrig.com,320,4.38,LOW,hogeyecameras.com,no,2840,en,2026-04-17T13:05:07.589668+00:00
wild hog signs,1,pigbrig.com,320,0.21,LOW,hogeyecameras.com,no,2840,en,2026-04-17T13:05:07.589668+00:00
hog repellent,1,jagerpro.com,260,0.57,HIGH,hogeyecameras.com,no,2840,en,2026-04-17T13:05:07.589668+00:00
wild hog hunting georgia,1,jagerpro.com,260,2.39,LOW,hogeyecameras.com,no,2840,en,2026-04-17T13:05:07.589668+00:00
baiting wild pigs,1,gamechangertraps.com,260,0.47,HIGH,hogeyecameras.com,no,2840,en,2026-04-17T13:05:07.589668+00:00
hunting wild hogs in south carolina,1,pigbrig.com,260,1.26,LOW,hogeyecameras.com,no,2840,en,2026-04-17T13:05:07.589668+00:00
videos of wild hog hunting,1,pigbrig.com,260,0.88,LOW,hogeyecameras.com,no,2840,en,2026-04-17T13:05:07.589668+00:00
hog wild oklahoma,1,jagerpro.com,210,2.11,LOW,hogeyecameras.com,no,2840,en,2026-04-17T13:05:07.589668+00:00
shooting wild hogs,1,jagerpro.com,210,1.12,LOW,hogeyecameras.com,no,2840,en,2026-04-17T13:05:07.589668+00:00
best bait for wild hogs,1,gamechangertraps.com,210,0.54,HIGH,hogeyecameras.com,no,2840,en,2026-04-17T13:05:07.589668+00:00
best bait for wild pigs,1,gamechangertraps.com,210,0.54,HIGH,hogeyecameras.com,no,2840,en,2026-04-17T13:05:07.589668+00:00
hogs rooting,1,gamechangertraps.com,210,,LOW,hogeyecameras.com,no,2840,en,2026-04-17T13:05:07.589668+00:00
hog trap for sale $260,1,pigbrig.com,210,0.85,HIGH,hogeyecameras.com,no,2840,en,2026-04-17T13:05:07.589668+00:00
florida pigs,1,pigbrig.com,210,,LOW,hogeyecameras.com,no,2840,en,2026-04-17T13:05:07.589668+00:00
hog florida,1,pigbrig.com,210,,LOW,hogeyecameras.com,no,2840,en,2026-04-17T13:05:07.589668+00:00
hog kill,1,pigbrig.com,210,,LOW,hogeyecameras.com,no,2840,en,2026-04-17T13:05:07.589668+00:00
wild boar in north america,1,pigbrig.com,210,,LOW,hogeyecameras.com,no,2840,en,2026-04-17T13:05:07.589668+00:00
wild boar population,1,pigbrig.com,210,,LOW,hogeyecameras.com,no,2840,en,2026-04-17T13:05:07.589668+00:00
wild hog population,1,pigbrig.com,210,,LOW,hogeyecameras.com,no,2840,en,2026-04-17T13:05:07.589668+00:00
cheap hog hunts,1,jagerpro.com,170,0.74,LOW,hogeyecameras.com,no,2840,en,2026-04-17T13:05:07.589668+00:00
farmers looking for hog hunters in texas,1,jagerpro.com,170,0.69,LOW,hogeyecameras.com,no,2840,en,2026-04-17T13:05:07.589668+00:00
georgia hog hunting outfitters,1,jagerpro.com,170,1.93,LOW,hogeyecameras.com,no,2840,en,2026-04-17T13:05:07.589668+00:00
texas hog hunting season,1,jagerpro.com,170,0.07,LOW,hogeyecameras.com,no,2840,en,2026-04-17T13:05:07.589668+00:00
hog hunting in texas season,1,jagerpro.com,170,0.07,LOW,hogeyecameras.com,no,2840,en,2026-04-17T13:05:07.589668+00:00
cheap wild boar hunts,1,jagerpro.com,170,0.74,LOW,hogeyecameras.com,no,2840,en,2026-04-17T13:05:07.589668+00:00
best hog bait,1,gamechangertraps.com,170,0.58,LOW,hogeyecameras.com,no,2840,en,2026-04-17T13:05:07.589668+00:00
good hog bait,1,gamechangertraps.com,170,0.58,LOW,hogeyecameras.com,no,2840,en,2026-04-17T13:05:07.589668+00:00
hog trap door triggers,1,gamechangertraps.com,170,1.02,HIGH,hogeyecameras.com,no,2840,en,2026-04-17T13:05:07.589668+00:00
hog net trap,1,pigbrig.com,170,2.31,HIGH,hogeyecameras.com,no,2840,en,2026-04-17T13:05:07.589668+00:00
australia feral pigs,1,pigbrig.com,170,,LOW,hogeyecameras.com,no,2840,en,2026-04-17T13:05:07.589668+00:00
invasive hogs,1,pigbrig.com,170,4.7,LOW,hogeyecameras.com,no,2840,en,2026-04-17T13:05:07.589668+00:00
invasive pigs,1,pigbrig.com,170,4.7,LOW,hogeyecameras.com,no,2840,en,2026-04-17T13:05:07.589668+00:00
best hog hunting in texas,1,jagerpro.com,140,1.2,MEDIUM,hogeyecameras.com,no,2840,en,2026-04-17T13:05:07.589668+00:00
feral hog track,1,gamechangertraps.com,140,,LOW,hogeyecameras.com,no,2840,en,2026-04-17T13:05:07.589668+00:00
shoot hogs,1,gamechangertraps.com,140,1.18,LOW,hogeyecameras.com,no,2840,en,2026-04-17T13:05:07.589668+00:00
panel trap,1,pigbrig.com,140,1.01,LOW,hogeyecameras.com,no,2840,en,2026-04-17T13:05:07.589668+00:00
pigs in the us,1,pigbrig.com,140,,LOW,hogeyecameras.com,no,2840,en,2026-04-17T13:05:07.589668+00:00
wild boar problems,1,pigbrig.com,140,,LOW,hogeyecameras.com,no,2840,en,2026-04-17T13:05:07.589668+00:00
hog traps texas,1,jagerpro.com,110,1.92,HIGH,hogeyecameras.com,no,2840,en,2026-04-17T13:05:07.589668+00:00
wild boar hunting georgia,1,jagerpro.com,110,2,LOW,hogeyecameras.com,no,2840,en,2026-04-17T13:05:07.589668+00:00
corral traps,1,jagerpro.com,110,2.07,LOW,hogeyecameras.com,no,2840,en,2026-04-17T13:05:07.589668+00:00
thermal hog hunting texas,1,jagerpro.com,110,1.22,MEDIUM,hogeyecameras.com,no,2840,en,2026-04-17T13:05:07.589668+00:00
killing wild hogs,1,jagerpro.com,110,3.36,LOW,hogeyecameras.com,no,2840,en,2026-04-17T13:05:07.589668+00:00
hog problem in texas,1,jagerpro.com,110,,LOW,hogeyecameras.com,no,2840,en,2026-04-17T13:05:07.589668+00:00
shooting pigs in texas,1,jagerpro.com,110,1.46,LOW,hogeyecameras.com,no,2840,en,2026-04-17T13:05:07.589668+00:00
best hog hunting states,1,jagerpro.com,110,0.88,LOW,hogeyecameras.com,no,2840,en,2026-04-17T13:05:07.589668+00:00
feral hog hunting in georgia,1,jagerpro.com,110,2,LOW,hogeyecameras.com,no,2840,en,2026-04-17T13:05:07.589668+00:00
shooting hogs in texas,1,jagerpro.com,110,1.46,LOW,hogeyecameras.com,no,2840,en,2026-04-17T13:05:07.589668+00:00
hog hunting at night in texas,1,jagerpro.com,110,1.35,LOW,hogeyecameras.com,no,2840,en,2026-04-17T13:05:07.589668+00:00
texas hog shooting,1,jagerpro.com,110,1.46,LOW,hogeyecameras.com,no,2840,en,2026-04-17T13:05:07.589668+00:00
cheap hog hunts near me,1,jagerpro.com,110,0.66,LOW,hogeyecameras.com,no,2840,en,2026-04-17T13:05:07.589668+00:00
wild hog calling,1,gamechangertraps.com,110,0.71,MEDIUM,hogeyecameras.com,no,2840,en,2026-04-17T13:05:07.589668+00:00
wild hog call,1,pigbrig.com,110,0.71,MEDIUM,hogeyecameras.com,no,2840,en,2026-04-17T13:05:07.589668+00:00
texas wild hog problem,1,pigbrig.com,110,,LOW,hogeyecameras.com,no,2840,en,2026-04-17T13:05:07.589668+00:00
hog deterrent,1,jagerpro.com,90,1.29,HIGH,hogeyecameras.com,no,2840,en,2026-04-17T13:05:07.589668+00:00
wild boar hunting packages,1,jagerpro.com,90,1.19,MEDIUM,hogeyecameras.com,no,2840,en,2026-04-17T13:05:07.589668+00:00
north texas hog hunts,1,jagerpro.com,90,0.77,LOW,hogeyecameras.com,no,2840,en,2026-04-17T13:05:07.589668+00:00
wild hog feeder,1,jagerpro.com,90,0.53,HIGH,hogeyecameras.com,no,2840,en,2026-04-17T13:05:07.589668+00:00
night hog hunting,1,jagerpro.com,90,1.57,LOW,hogeyecameras.com,no,2840,en,2026-04-17T13:05:07.589668+00:00
wild boar hunting oklahoma,1,jagerpro.com,90,1.46,LOW,hogeyecameras.com,no,2840,en,2026-04-17T13:05:07.589668+00:00
hog outfitters,1,jagerpro.com,90,0.54,LOW,hogeyecameras.com,no,2840,en,2026-04-17T13:05:07.589668+00:00
hog hunting ranch,1,jagerpro.com,90,1.78,LOW,hogeyecameras.com,no,2840,en,2026-04-17T13:05:07.589668+00:00
game changer hog trap,1,gamechangertraps.com,90,4.98,LOW,hogeyecameras.com,no,2840,en,2026-04-17T13:05:07.589668+00:00
hog boss traps,1,gamechangertraps.com,90,3.19,HIGH,hogeyecameras.com,no,2840,en,2026-04-17T13:05:07.589668+00:00
feral hog control methods,1,gamechangertraps.com,90,0.01,LOW,hogeyecameras.com,no,2840,en,2026-04-17T13:05:07.589668+00:00
guillotine hog trap door,1,gamechangertraps.com,90,0.53,LOW,hogeyecameras.com,no,2840,en,2026-04-17T13:05:07.589668+00:00
hog sounder,1,gamechangertraps.com,90,,LOW,hogeyecameras.com,no,2840,en,2026-04-17T13:05:07.589668+00:00
hog trap guillotine door,1,gamechangertraps.com,90,0.53,LOW,hogeyecameras.com,no,2840,en,2026-04-17T13:05:07.589668+00:00
boar australia,1,pigbrig.com,90,,LOW,hogeyecameras.com,no,2840,en,2026-04-17T13:05:07.589668+00:00
feral hog population,1,pigbrig.com,90,,LOW,hogeyecameras.com,no,2840,en,2026-04-17T13:05:07.589668+00:00
feral hog prints,1,pigbrig.com,90,0.28,LOW,hogeyecameras.com,no,2840,en,2026-04-17T13:05:07.589668+00:00
hogs in south carolina,1,pigbrig.com,90,,LOW,hogeyecameras.com,no,2840,en,2026-04-17T13:05:07.589668+00:00
picture of a feral hog,1,pigbrig.com,90,,LOW,hogeyecameras.com,no,2840,en,2026-04-17T13:05:07.589668+00:00
hog cage trap,1,jagerpro.com,70,2.04,HIGH,hogeyecameras.com,no,2840,en,2026-04-17T13:05:07.589668+00:00
hog hunting packages,1,jagerpro.com,70,1.54,LOW,hogeyecameras.com,no,2840,en,2026-04-17T13:05:07.589668+00:00
hog hunting ranches in texas,1,jagerpro.com,70,0.82,LOW,hogeyecameras.com,no,2840,en,2026-04-17T13:05:07.589668+00:00
hog slammer trap gate,1,jagerpro.com,70,0.87,MEDIUM,hogeyecameras.com,no,2840,en,2026-04-17T13:05:07.589668+00:00
boar hunting packages,1,jagerpro.com,70,1.54,LOW,hogeyecameras.com,no,2840,en,2026-04-17T13:05:07.589668+00:00
cheap hog hunts in georgia,1,jagerpro.com,70,1.13,LOW,hogeyecameras.com,no,2840,en,2026-04-17T13:05:07.589668+00:00
wild boar hunting guides,1,jagerpro.com,70,1.54,LOW,hogeyecameras.com,no,2840,en,2026-04-17T13:05:07.589668+00:00
game changer traps,1,gamechangertraps.com,70,3.32,LOW,hogeyecameras.com,no,2840,en,2026-04-17T13:05:07.589668+00:00
best feral hog hunting,1,gamechangertraps.com,70,1.29,MEDIUM,hogeyecameras.com,no,2840,en,2026-04-17T13:05:07.589668+00:00
hog trap tripwire design,1,gamechangertraps.com,70,0.99,MEDIUM,hogeyecameras.com,no,2840,en,2026-04-17T13:05:07.589668+00:00
animal wild boar,1,pigbrig.com,70,,LOW,hogeyecameras.com,no,2840,en,2026-04-17T13:05:07.589668+00:00
boar behavior,1,pigbrig.com,70,,LOW,hogeyecameras.com,no,2840,en,2026-04-17T13:05:07.589668+00:00
drop traps for hogs,1,pigbrig.com,70,1.44,HIGH,hogeyecameras.com,no,2840,en,2026-04-17T13:05:07.589668+00:00
feral hog rooting,1,pigbrig.com,70,0.8,LOW,hogeyecameras.com,no,2840,en,2026-04-17T13:05:07.589668+00:00
kill feral hogs,1,pigbrig.com,70,2.61,LOW,hogeyecameras.com,no,2840,en,2026-04-17T13:05:07.589668+00:00
wild boar behavior,1,pigbrig.com,70,,LOW,hogeyecameras.com,no,2840,en,2026-04-17T13:05:07.589668+00:00
wild feral pigs,1,pigbrig.com,70,,LOW,hogeyecameras.com,no,2840,en,2026-04-17T13:05:07.589668+00:00
wild hog behavior,1,pigbrig.com,70,,LOW,hogeyecameras.com,no,2840,en,2026-04-17T13:05:07.589668+00:00
hog hunting texas price,1,jagerpro.com,50,0.81,LOW,hogeyecameras.com,no,2840,en,2026-04-17T13:05:07.589668+00:00
hog removal services,1,jagerpro.com,50,,LOW,hogeyecameras.com,no,2840,en,2026-04-17T13:05:07.589668+00:00
best hog hunting in georgia,1,jagerpro.com,50,2.01,LOW,hogeyecameras.com,no,2840,en,2026-04-17T13:05:07.589668+00:00
best place to hog hunt,1,jagerpro.com,50,1.02,MEDIUM,hogeyecameras.com,no,2840,en,2026-04-17T13:05:07.589668+00:00
hog hunting essentials,1,jagerpro.com,50,3.1,LOW,hogeyecameras.com,no,2840,en,2026-04-17T13:05:07.589668+00:00
wild boar hunting outfitters,1,jagerpro.com,50,0.59,LOW,hogeyecameras.com,no,2840,en,2026-04-17T13:05:07.589668+00:00
wild boar hunting trip,1,jagerpro.com,50,1.37,MEDIUM,hogeyecameras.com,no,2840,en,2026-04-17T13:05:07.589668+00:00
cattle panel hog traps,1,pigbrig.com,50,0.12,LOW,hogeyecameras.com,no,2840,en,2026-04-17T13:05:07.589668+00:00
feral hog hunting videos,1,pigbrig.com,50,,LOW,hogeyecameras.com,no,2840,en,2026-04-17T13:05:07.589668+00:00
feral pigs in the united states,1,pigbrig.com,50,,LOW,hogeyecameras.com,no,2840,en,2026-04-17T13:05:07.589668+00:00
hog management,1,pigbrig.com,50,,LOW,hogeyecameras.com,no,2840,en,2026-04-17T13:05:07.589668+00:00
hog wild hunting,1,pigbrig.com,50,0.09,LOW,hogeyecameras.com,no,2840,en,2026-04-17T13:05:07.589668+00:00
wild hog hunting gear,1,pigbrig.com,50,1.48,LOW,hogeyecameras.com,no,2840,en,2026-04-17T13:05:07.589668+00:00
youtube wild hog hunting,1,pigbrig.com,50,,LOW,hogeyecameras.com,no,2840,en,2026-04-17T13:05:07.589668+00:00
hog removal near me,1,jagerpro.com,40,7.18,MEDIUM,hogeyecameras.com,no,2840,en,2026-04-17T13:05:07.589668+00:00
jager pro hog trap price,1,jagerpro.com,40,,LOW,hogeyecameras.com,no,2840,en,2026-04-17T13:05:07.589668+00:00
texas hog hunting packages,1,jagerpro.com,40,0.59,LOW,hogeyecameras.com,no,2840,en,2026-04-17T13:05:07.589668+00:00
best hog hunting outfitters,1,jagerpro.com,40,0.99,MEDIUM,hogeyecameras.com,no,2840,en,2026-04-17T13:05:07.589668+00:00
hog hunting in texas price,1,jagerpro.com,40,1.08,MEDIUM,hogeyecameras.com,no,2840,en,2026-04-17T13:05:07.589668+00:00
best place to hunt wild boar,1,jagerpro.com,40,1.24,MEDIUM,hogeyecameras.com,no,2840,en,2026-04-17T13:05:07.589668+00:00
best place to hunt wild hogs,1,jagerpro.com,40,1.24,MEDIUM,hogeyecameras.com,no,2840,en,2026-04-17T13:05:07.589668+00:00
hog hunting outfitters near me,1,jagerpro.com,40,0.89,LOW,hogeyecameras.com,no,2840,en,2026-04-17T13:05:07.589668+00:00
jager pro cameras,1,jagerpro.com,40,,LOW,hogeyecameras.com,no,2840,en,2026-04-17T13:05:07.589668+00:00
boss hog traps,1,gamechangertraps.com,40,2.73,HIGH,hogeyecameras.com,no,2840,en,2026-04-17T13:05:07.589668+00:00
best place to hunt feral hogs,1,gamechangertraps.com,40,1.24,MEDIUM,hogeyecameras.com,no,2840,en,2026-04-17T13:05:07.589668+00:00
best places to hunt wild hogs,1,gamechangertraps.com,40,1.24,MEDIUM,hogeyecameras.com,no,2840,en,2026-04-17T13:05:07.589668+00:00
catching wild boars,1,gamechangertraps.com,40,1.16,LOW,hogeyecameras.com,no,2840,en,2026-04-17T13:05:07.589668+00:00
wild hog feed,1,gamechangertraps.com,40,0.85,HIGH,hogeyecameras.com,no,2840,en,2026-04-17T13:05:07.589668+00:00
net trap for hogs,1,pigbrig.com,40,3.26,HIGH,hogeyecameras.com,no,2840,en,2026-04-17T13:05:07.589668+00:00
feral hog facts,1,pigbrig.com,40,,LOW,hogeyecameras.com,no,2840,en,2026-04-17T13:05:07.589668+00:00
invasive feral hogs,1,pigbrig.com,40,,LOW,hogeyecameras.com,no,2840,en,2026-04-17T13:05:07.589668+00:00
hog hunting trips near me,1,jagerpro.com,30,1.65,MEDIUM,hogeyecameras.com,no,2840,en,2026-04-17T13:05:07.589668+00:00
hog trappers in texas,1,jagerpro.com,30,,LOW,hogeyecameras.com,no,2840,en,2026-04-17T13:05:07.589668+00:00
small hog traps,1,jagerpro.com,30,2.11,HIGH,hogeyecameras.com,no,2840,en,2026-04-17T13:05:07.589668+00:00
hog extermination,1,jagerpro.com,30,,LOW,hogeyecameras.com,no,2840,en,2026-04-17T13:05:07.589668+00:00
shooting wild hogs in texas,1,jagerpro.com,30,0.68,LOW,hogeyecameras.com,no,2840,en,2026-04-17T13:05:07.589668+00:00
thermal hog hunts in texas,1,jagerpro.com,30,1.07,MEDIUM,hogeyecameras.com,no,2840,en,2026-04-17T13:05:07.589668+00:00
best place to hunt hogs in texas,1,jagerpro.com,30,0.58,LOW,hogeyecameras.com,no,2840,en,2026-04-17T13:05:07.589668+00:00
hog hunting north georgia,1,jagerpro.com,30,2.15,LOW,hogeyecameras.com,no,2840,en,2026-04-17T13:05:07.589668+00:00
texas hog hunt prices,1,jagerpro.com,30,1.05,MEDIUM,hogeyecameras.com,no,2840,en,2026-04-17T13:05:07.589668+00:00
hog hunting guides in georgia,1,jagerpro.com,30,4.25,LOW,hogeyecameras.com,no,2840,en,2026-04-17T13:05:07.589668+00:00
thermal hog hunting outfitters,1,jagerpro.com,30,1.29,LOW,hogeyecameras.com,no,2840,en,2026-04-17T13:05:07.589668+00:00
best texas hog hunting outfitters,1,jagerpro.com,30,1,MEDIUM,hogeyecameras.com,no,2840,en,2026-04-17T13:05:07.589668+00:00
best hog hunting outfitters in texas,1,jagerpro.com,30,1,MEDIUM,hogeyecameras.com,no,2840,en,2026-04-17T13:05:07.589668+00:00
wild boar shooting,1,jagerpro.com,30,1.46,LOW,hogeyecameras.com,no,2840,en,2026-04-17T13:05:07.589668+00:00
feral hog piglets,1,pigbrig.com,30,,LOW,hogeyecameras.com,no,2840,en,2026-04-17T13:05:07.589668+00:00
feral pigs in the us,1,pigbrig.com,30,,LOW,hogeyecameras.com,no,2840,en,2026-04-17T13:05:07.589668+00:00
pigs in australia,1,pigbrig.com,30,,LOW,hogeyecameras.com,no,2840,en,2026-04-17T13:05:07.589668+00:00
wild boar australia,1,pigbrig.com,30,,LOW,hogeyecameras.com,no,2840,en,2026-04-17T13:05:07.589668+00:00
wild hog colors,1,pigbrig.com,30,,LOW,hogeyecameras.com,no,2840,en,2026-04-17T13:05:07.589668+00:00
wild hog infestation,1,pigbrig.com,30,,LOW,hogeyecameras.com,no,2840,en,2026-04-17T13:05:07.589668+00:00
wild hog shot,1,pigbrig.com,30,0.91,LOW,hogeyecameras.com,no,2840,en,2026-04-17T13:05:07.589668+00:00
wild hog cages,1,jagerpro.com,20,1.7,MEDIUM,hogeyecameras.com,no,2840,en,2026-04-17T13:05:07.589668+00:00
best way to get rid of wild hogs,1,jagerpro.com,20,,MEDIUM,hogeyecameras.com,no,2840,en,2026-04-17T13:05:07.589668+00:00
night hog hunting georgia,1,jagerpro.com,20,2.17,MEDIUM,hogeyecameras.com,no,2840,en,2026-04-17T13:05:07.589668+00:00
hog hunting locations,1,jagerpro.com,20,2.82,MEDIUM,hogeyecameras.com,no,2840,en,2026-04-17T13:05:07.589668+00:00
wild boar hunting in usa,1,jagerpro.com,20,,LOW,hogeyecameras.com,no,2840,en,2026-04-17T13:05:07.589668+00:00
night vision hog hunting texas,1,jagerpro.com,20,1.35,LOW,hogeyecameras.com,no,2840,en,2026-04-17T13:05:07.589668+00:00
east coast hog hunting,1,jagerpro.com,20,1.47,MEDIUM,hogeyecameras.com,no,2840,en,2026-04-17T13:05:07.589668+00:00
best hog hunting in oklahoma,1,jagerpro.com,20,0.49,LOW,hogeyecameras.com,no,2840,en,2026-04-17T13:05:07.589668+00:00
thermal for hog hunting,1,jagerpro.com,20,0.61,HIGH,hogeyecameras.com,no,2840,en,2026-04-17T13:05:07.589668+00:00
hog hunting ranches near me,1,jagerpro.com,20,1.58,LOW,hogeyecameras.com,no,2840,en,2026-04-17T13:05:07.589668+00:00
remote trap trigger,1,jagerpro.com,20,0.45,LOW,hogeyecameras.com,no,2840,en,2026-04-17T13:05:07.589668+00:00
best bait for feral hogs,1,gamechangertraps.com,20,,LOW,hogeyecameras.com,no,2840,en,2026-04-17T13:05:07.589668+00:00
best way to get rid of feral hogs,1,gamechangertraps.com,20,,MEDIUM,hogeyecameras.com,no,2840,en,2026-04-17T13:05:07.589668+00:00
circular hog trap that drops,1,gamechangertraps.com,20,1.72,HIGH,hogeyecameras.com,no,2840,en,2026-04-17T13:05:07.589668+00:00
free feral hog hunting,1,gamechangertraps.com,20,1.42,LOW,hogeyecameras.com,no,2840,en,2026-04-17T13:05:07.589668+00:00
free wild hog hunting,1,gamechangertraps.com,20,1.42,LOW,hogeyecameras.com,no,2840,en,2026-04-17T13:05:07.589668+00:00
hog trap trip mechanism,1,gamechangertraps.com,20,0.96,LOW,hogeyecameras.com,no,2840,en,2026-04-17T13:05:07.589668+00:00
hog traps youtube,1,gamechangertraps.com,20,3,LOW,hogeyecameras.com,no,2840,en,2026-04-17T13:05:07.589668+00:00
hogs in california,1,gamechangertraps.com,20,,LOW,hogeyecameras.com,no,2840,en,2026-04-17T13:05:07.589668+00:00
trampoline hog trap,1,gamechangertraps.com,20,,LOW,hogeyecameras.com,no,2840,en,2026-04-17T13:05:07.589668+00:00
wood hog trap,1,gamechangertraps.com,20,,LOW,hogeyecameras.com,no,2840,en,2026-04-17T13:05:07.589668+00:00
a big hog,1,pigbrig.com,20,,LOW,hogeyecameras.com,no,2840,en,2026-04-17T13:05:07.589668+00:00
animal wild hogs,1,pigbrig.com,20,,LOW,hogeyecameras.com,no,2840,en,2026-04-17T13:05:07.589668+00:00
feral hog destruction,1,pigbrig.com,20,,LOW,hogeyecameras.com,no,2840,en,2026-04-17T13:05:07.589668+00:00
feral hog eradication,1,pigbrig.com,20,,LOW,hogeyecameras.com,no,2840,en,2026-04-17T13:05:07.589668+00:00
feral pigs united states,1,pigbrig.com,20,,LOW,hogeyecameras.com,no,2840,en,2026-04-17T13:05:07.589668+00:00
feralhogs,1,pigbrig.com,20,,LOW,hogeyecameras.com,no,2840,en,2026-04-17T13:05:07.589668+00:00
hog piglets,1,pigbrig.com,20,,LOW,hogeyecameras.com,no,2840,en,2026-04-17T13:05:07.589668+00:00
hog trapping youtube,1,pigbrig.com,20,3,LOW,hogeyecameras.com,no,2840,en,2026-04-17T13:05:07.589668+00:00
hogs youtube,1,pigbrig.com,20,,LOW,hogeyecameras.com,no,2840,en,2026-04-17T13:05:07.589668+00:00
pigs florida,1,pigbrig.com,20,,LOW,hogeyecameras.com,no,2840,en,2026-04-17T13:05:07.589668+00:00
saloon hog trap door,1,pigbrig.com,20,0.19,HIGH,hogeyecameras.com,no,2840,en,2026-04-17T13:05:07.589668+00:00
saloon style hog trap doors,1,pigbrig.com,20,,HIGH,hogeyecameras.com,no,2840,en,2026-04-17T13:05:07.589668+00:00
sell wild hogs,1,pigbrig.com,20,,LOW,hogeyecameras.com,no,2840,en,2026-04-17T13:05:07.589668+00:00
size of a wild boar,1,pigbrig.com,20,,LOW,hogeyecameras.com,no,2840,en,2026-04-17T13:05:07.589668+00:00
wooden hog trap,1,pigbrig.com,20,,LOW,hogeyecameras.com,no,2840,en,2026-04-17T13:05:07.589668+00:00
hog trappers near me,1,jagerpro.com,10,3.7,LOW,hogeyecameras.com,no,2840,en,2026-04-17T13:05:07.589668+00:00
jager trap,1,jagerpro.com,10,,LOW,hogeyecameras.com,no,2840,en,2026-04-17T13:05:07.589668+00:00
jager pro gate,1,jagerpro.com,10,4.45,LOW,hogeyecameras.com,no,2840,en,2026-04-17T13:05:07.589668+00:00
feral hog corral trap,1,jagerpro.com,10,7.78,LOW,hogeyecameras.com,no,2840,en,2026-04-17T13:05:07.589668+00:00
feral hog extermination,1,jagerpro.com,10,,LOW,hogeyecameras.com,no,2840,en,2026-04-17T13:05:07.589668+00:00
hog eradication,1,jagerpro.com,10,,LOW,hogeyecameras.com,no,2840,en,2026-04-17T13:05:07.589668+00:00
best hog repellent,1,jagerpro.com,10,0.46,HIGH,hogeyecameras.com,no,2840,en,2026-04-17T13:05:07.589668+00:00
hog hunting guides near me,1,jagerpro.com,10,1.82,LOW,hogeyecameras.com,no,2840,en,2026-04-17T13:05:07.589668+00:00
thermal hog hunting georgia,1,jagerpro.com,10,2.64,MEDIUM,hogeyecameras.com,no,2840,en,2026-04-17T13:05:07.589668+00:00
best wild boar hunting,1,jagerpro.com,10,,MEDIUM,hogeyecameras.com,no,2840,en,2026-04-17T13:05:07.589668+00:00
best place to go hog hunting,1,jagerpro.com,10,0.96,MEDIUM,hogeyecameras.com,no,2840,en,2026-04-17T13:05:07.589668+00:00
best hog hunting in the us,1,jagerpro.com,10,1.24,MEDIUM,hogeyecameras.com,no,2840,en,2026-04-17T13:05:07.589668+00:00
best place to hog hunt in texas,1,jagerpro.com,10,1.1,MEDIUM,hogeyecameras.com,no,2840,en,2026-04-17T13:05:07.589668+00:00
texas hog hunting prices,1,jagerpro.com,10,0.33,MEDIUM,hogeyecameras.com,no,2840,en,2026-04-17T13:05:07.589668+00:00
hog hunting trips in georgia,1,jagerpro.com,10,1.46,MEDIUM,hogeyecameras.com,no,2840,en,2026-04-17T13:05:07.589668+00:00
night time hog hunting in texas,1,jagerpro.com,10,0.93,MEDIUM,hogeyecameras.com,no,2840,en,2026-04-17T13:05:07.589668+00:00
day hog hunts in texas,1,jagerpro.com,10,0.4,HIGH,hogeyecameras.com,no,2840,en,2026-04-17T13:05:07.589668+00:00
wild boar hunting trips texas,1,jagerpro.com,10,0.36,MEDIUM,hogeyecameras.com,no,2840,en,2026-04-17T13:05:07.589668+00:00
texas hog hunting cost,1,jagerpro.com,10,0.95,LOW,hogeyecameras.com,no,2840,en,2026-04-17T13:05:07.589668+00:00
texas hog hunt outfitters,1,jagerpro.com,10,0.68,MEDIUM,hogeyecameras.com,no,2840,en,2026-04-17T13:05:07.589668+00:00
texas hog outfitters,1,jagerpro.com,10,1.34,MEDIUM,hogeyecameras.com,no,2840,en,2026-04-17T13:05:07.589668+00:00
night hog hunting near me,1,jagerpro.com,10,1.1,MEDIUM,hogeyecameras.com,no,2840,en,2026-04-17T13:05:07.589668+00:00
texas wild boar hunting outfitters,1,jagerpro.com,10,0.32,LOW,hogeyecameras.com,no,2840,en,2026-04-17T13:05:07.589668+00:00
north texas hog hunting outfitters,1,jagerpro.com,10,0.71,LOW,hogeyecameras.com,no,2840,en,2026-04-17T13:05:07.589668+00:00
wild boar hunting trips near me,1,jagerpro.com,10,2.71,HIGH,hogeyecameras.com,no,2840,en,2026-04-17T13:05:07.589668+00:00
jager pro com,1,jagerpro.com,10,,LOW,hogeyecameras.com,no,2840,en,2026-04-17T13:05:07.589668+00:00
jager pro dealers,1,jagerpro.com,10,,,hogeyecameras.com,no,2840,en,2026-04-17T13:05:07.589668+00:00
jager pro hog trap dealers,1,jagerpro.com,10,,MEDIUM,hogeyecameras.com,no,2840,en,2026-04-17T13:05:07.589668+00:00
jager pro panels,1,jagerpro.com,10,,,hogeyecameras.com,no,2840,en,2026-04-17T13:05:07.589668+00:00
kg jager pro,1,jagerpro.com,10,,LOW,hogeyecameras.com,no,2840,en,2026-04-17T13:05:07.589668+00:00
my jager pro,1,jagerpro.com,10,,LOW,hogeyecameras.com,no,2840,en,2026-04-17T13:05:07.589668+00:00
www jagerpro com,1,jagerpro.com,10,,,hogeyecameras.com,no,2840,en,2026-04-17T13:05:07.589668+00:00
best feed for wild hogs,1,gamechangertraps.com,10,,HIGH,hogeyecameras.com,no,2840,en,2026-04-17T13:05:07.589668+00:00
best time of year to hunt wild boar,1,gamechangertraps.com,10,,LOW,hogeyecameras.com,no,2840,en,2026-04-17T13:05:07.589668+00:00
best way to bait hogs,1,gamechangertraps.com,10,,LOW,hogeyecameras.com,no,2840,en,2026-04-17T13:05:07.589668+00:00
best way to bait wild hogs,1,gamechangertraps.com,10,,LOW,hogeyecameras.com,no,2840,en,2026-04-17T13:05:07.589668+00:00
best way to kill feral hogs,1,gamechangertraps.com,10,,LOW,hogeyecameras.com,no,2840,en,2026-04-17T13:05:07.589668+00:00
best wild hog bait for trap,1,gamechangertraps.com,10,,HIGH,hogeyecameras.com,no,2840,en,2026-04-17T13:05:07.589668+00:00
bull creek game changer,1,gamechangertraps.com,10,,,hogeyecameras.com,no,2840,en,2026-04-17T13:05:07.589668+00:00
bull creek hog trap,1,gamechangertraps.com,10,,MEDIUM,hogeyecameras.com,no,2840,en,2026-04-17T13:05:07.589668+00:00
bull creek traps,1,gamechangertraps.com,10,4.42,LOW,hogeyecameras.com,no,2840,en,2026-04-17T13:05:07.589668+00:00
game changer jr,1,gamechangertraps.com,10,0.02,LOW,hogeyecameras.com,no,2840,en,2026-04-17T13:05:07.589668+00:00
game changer jr hog trap,1,gamechangertraps.com,10,,LOW,hogeyecameras.com,no,2840,en,2026-04-17T13:05:07.589668+00:00
getting rid of wild hogs,1,gamechangertraps.com,10,1.78,MEDIUM,hogeyecameras.com,no,2840,en,2026-04-17T13:05:07.589668+00:00
guillotine door for hog trap,1,gamechangertraps.com,10,0.12,MEDIUM,hogeyecameras.com,no,2840,en,2026-04-17T13:05:07.589668+00:00
guillotine gate for hog trap,1,gamechangertraps.com,10,,LOW,hogeyecameras.com,no,2840,en,2026-04-17T13:05:07.589668+00:00
hog trap doors how to build,1,gamechangertraps.com,10,,LOW,hogeyecameras.com,no,2840,en,2026-04-17T13:05:07.589668+00:00
hog trapping forum,1,gamechangertraps.com,10,,LOW,hogeyecameras.com,no,2840,en,2026-04-17T13:05:07.589668+00:00
hog traps amazon,1,gamechangertraps.com,10,,HIGH,hogeyecameras.com,no,2840,en,2026-04-17T13:05:07.589668+00:00
hog traps for sale in arkansas,1,gamechangertraps.com,10,,HIGH,hogeyecameras.com,no,2840,en,2026-04-17T13:05:07.589668+00:00
hog wild feed,1,gamechangertraps.com,10,0.6,HIGH,hogeyecameras.com,no,2840,en,2026-04-17T13:05:07.589668+00:00
homemade cellular hog trap,1,gamechangertraps.com,10,,,hogeyecameras.com,no,2840,en,2026-04-17T13:05:07.589668+00:00
making hog bait,1,gamechangertraps.com,10,,,hogeyecameras.com,no,2840,en,2026-04-17T13:05:07.589668+00:00
phone activated hog trap,1,gamechangertraps.com,10,15.37,MEDIUM,hogeyecameras.com,no,2840,en,2026-04-17T13:05:07.589668+00:00
pictures of hog traps,1,gamechangertraps.com,10,,LOW,hogeyecameras.com,no,2840,en,2026-04-17T13:05:07.589668+00:00
root gate hog trap,1,gamechangertraps.com,10,0.39,HIGH,hogeyecameras.com,no,2840,en,2026-04-17T13:05:07.589668+00:00
setting hog snares,1,gamechangertraps.com,10,0.11,LOW,hogeyecameras.com,no,2840,en,2026-04-17T13:05:07.589668+00:00
swing door hog trap,1,gamechangertraps.com,10,1.47,HIGH,hogeyecameras.com,no,2840,en,2026-04-17T13:05:07.589668+00:00
tricks to trapping wild hogs,1,gamechangertraps.com,10,,,hogeyecameras.com,no,2840,en,2026-04-17T13:05:07.589668+00:00
wexford hog trap,1,gamechangertraps.com,10,,,hogeyecameras.com,no,2840,en,2026-04-17T13:05:07.589668+00:00
wild hogs for sale near me,1,gamechangertraps.com,10,,LOW,hogeyecameras.com,no,2840,en,2026-04-17T13:05:07.589668+00:00
drop net hog trap for sale,1,pigbrig.com,10,1.9,HIGH,hogeyecameras.com,no,2840,en,2026-04-17T13:05:07.589668+00:00
wild hog trapping and killing,1,pigbrig.com,10,,LOW,hogeyecameras.com,no,2840,en,2026-04-17T13:05:07.589668+00:00
about wild boar,1,pigbrig.com,10,,LOW,hogeyecameras.com,no,2840,en,2026-04-17T13:05:07.589668+00:00
australia wild boar,1,pigbrig.com,10,,LOW,hogeyecameras.com,no,2840,en,2026-04-17T13:05:07.589668+00:00
best way to get rid of hogs,1,pigbrig.com,10,,LOW,hogeyecameras.com,no,2840,en,2026-04-17T13:05:07.589668+00:00
best way to kill a hog in a trap,1,pigbrig.com,10,,,hogeyecameras.com,no,2840,en,2026-04-17T13:05:07.589668+00:00
boar season texas,1,pigbrig.com,10,,LOW,hogeyecameras.com,no,2840,en,2026-04-17T13:05:07.589668+00:00
farrow hogs texas,1,pigbrig.com,10,,,hogeyecameras.com,no,2840,en,2026-04-17T13:05:07.589668+00:00
feral hog behavior,1,pigbrig.com,10,,LOW,hogeyecameras.com,no,2840,en,2026-04-17T13:05:07.589668+00:00
feral pigs in us,1,pigbrig.com,10,,LOW,hogeyecameras.com,no,2840,en,2026-04-17T13:05:07.589668+00:00
feral pigs south carolina,1,pigbrig.com,10,,LOW,hogeyecameras.com,no,2840,en,2026-04-17T13:05:07.589668+00:00
feral pigs usa,1,pigbrig.com,10,,LOW,hogeyecameras.com,no,2840,en,2026-04-17T13:05:07.589668+00:00
feral wild boar,1,pigbrig.com,10,,LOW,hogeyecameras.com,no,2840,en,2026-04-17T13:05:07.589668+00:00
hog brig,1,pigbrig.com,10,0.76,MEDIUM,hogeyecameras.com,no,2840,en,2026-04-17T13:05:07.589668+00:00
hog circle trap,1,pigbrig.com,10,3.08,MEDIUM,hogeyecameras.com,no,2840,en,2026-04-17T13:05:07.589668+00:00
hog trapping and killing,1,pigbrig.com,10,,LOW,hogeyecameras.com,no,2840,en,2026-04-17T13:05:07.589668+00:00
hog wild florida,1,pigbrig.com,10,,LOW,hogeyecameras.com,no,2840,en,2026-04-17T13:05:07.589668+00:00
hogs in sc,1,pigbrig.com,10,,LOW,hogeyecameras.com,no,2840,en,2026-04-17T13:05:07.589668+00:00
hogs in the wild,1,pigbrig.com,10,,LOW,hogeyecameras.com,no,2840,en,2026-04-17T13:05:07.589668+00:00
homemade hog snares,1,pigbrig.com,10,,LOW,hogeyecameras.com,no,2840,en,2026-04-17T13:05:07.589668+00:00
killing hogs in trap,1,pigbrig.com,10,,LOW,hogeyecameras.com,no,2840,en,2026-04-17T13:05:07.589668+00:00
killing trapped hogs,1,pigbrig.com,10,,LOW,hogeyecameras.com,no,2840,en,2026-04-17T13:05:07.589668+00:00
large boar hog,1,pigbrig.com,10,,LOW,hogeyecameras.com,no,2840,en,2026-04-17T13:05:07.589668+00:00
raising feral hogs,1,pigbrig.com,10,,,hogeyecameras.com,no,2840,en,2026-04-17T13:05:07.589668+00:00
round hog trap designs,1,pigbrig.com,10,,LOW,hogeyecameras.com,no,2840,en,2026-04-17T13:05:07.589668+00:00
sell feral hogs texas,1,pigbrig.com,10,,,hogeyecameras.com,no,2840,en,2026-04-17T13:05:07.589668+00:00
texas hogs and wildlife,1,pigbrig.com,10,,,hogeyecameras.com,no,2840,en,2026-04-17T13:05:07.589668+00:00
trapping hogs in florida,1,pigbrig.com,10,,LOW,hogeyecameras.com,no,2840,en,2026-04-17T13:05:07.589668+00:00
us feral hog population,1,pigbrig.com,10,,LOW,hogeyecameras.com,no,2840,en,2026-04-17T13:05:07.589668+00:00
wild boar australia size,1,pigbrig.com,10,,,hogeyecameras.com,no,2840,en,2026-04-17T13:05:07.589668+00:00
wild boar catching,1,pigbrig.com,10,,LOW,hogeyecameras.com,no,2840,en,2026-04-17T13:05:07.589668+00:00
wild boar digging,1,pigbrig.com,10,,LOW,hogeyecameras.com,no,2840,en,2026-04-17T13:05:07.589668+00:00
wild boar florida size,1,pigbrig.com,10,,LOW,hogeyecameras.com,no,2840,en,2026-04-17T13:05:07.589668+00:00
wild boar in the wild,1,pigbrig.com,10,,LOW,hogeyecameras.com,no,2840,en,2026-04-17T13:05:07.589668+00:00
wild boar trap video,1,pigbrig.com,10,,LOW,hogeyecameras.com,no,2840,en,2026-04-17T13:05:07.589668+00:00
wild boar wild boar,1,pigbrig.com,10,,LOW,hogeyecameras.com,no,2840,en,2026-04-17T13:05:07.589668+00:00
wild hog habits,1,pigbrig.com,10,,LOW,hogeyecameras.com,no,2840,en,2026-04-17T13:05:07.589668+00:00
wild hog pet,1,pigbrig.com,10,,LOW,hogeyecameras.com,no,2840,en,2026-04-17T13:05:07.589668+00:00
wild hog sales in texas,1,pigbrig.com,10,,LOW,hogeyecameras.com,no,2840,en,2026-04-17T13:05:07.589668+00:00
wild hog videos youtube,1,pigbrig.com,10,,LOW,hogeyecameras.com,no,2840,en,2026-04-17T13:05:07.589668+00:00
wild hogs australia,1,pigbrig.com,10,,LOW,hogeyecameras.com,no,2840,en,2026-04-17T13:05:07.589668+00:00
wild hogs in the united states,1,pigbrig.com,10,,LOW,hogeyecameras.com,no,2840,en,2026-04-17T13:05:07.589668+00:00
wireless hog traps,1,pigbrig.com,10,2.27,HIGH,hogeyecameras.com,no,2840,en,2026-04-17T13:05:07.589668+00:00
youtube feral hog hunting,1,pigbrig.com,10,,LOW,hogeyecameras.com,no,2840,en,2026-04-17T13:05:07.589668+00:00
youtube wild hog trapping,1,pigbrig.com,10,,LOW,hogeyecameras.com,no,2840,en,2026-04-17T13:05:07.589668+00:00
bull creek game changer jr price,1,gamechangertraps.com,0,,,hogeyecameras.com,no,2840,en,2026-04-17T13:05:07.589668+00:00
trapping pigs australia,1,pigbrig.com,0,,,hogeyecameras.com,no,2840,en,2026-04-17T13:05:07.589668+00:00
