cluster_id,status,cluster_key,primary_keyword,supporting_keywords,notes,location_code,language_code,target_domain,fetched_at
hogeye_0001,candidate,hog trap,hog trap door,hog trap gate | hog trap door trigger | hog trap trigger | hog trap cell phone trigger | hog trap gates for sale | hog trap door designs | hog trap gate trigger | hog trap drop gate | hog trap camera | hog trap camera trigger | hog trap design | hog trap design plans | hog trap diy | hog trap door for sale,Auto-generated cluster (review/merge/split manually).,2840,en,hogeyecameras.com,2026-04-17T13:04:41.475728+00:00
hogeye_0002,candidate,wild hog,wild hog traps,wild hog traps for sale | wild hog diseases | a wild hog | wild hog buyers near me | wild hog catch pens | wild hog control | wild hog damage | wild hog destruction | wild hog drop trap | wild hog gate | wild hog hunting in louisiana | wild hog live traps | wild hog management | wild hog problem,Auto-generated cluster (review/merge/split manually).,2840,en,hogeyecameras.com,2026-04-17T13:04:41.475728+00:00
hogeye_0003,candidate,feral hog,feral hog traps,feral hog hunting | feral hog traps for sale | feral hog control | feral hog damage | feral hog disease | feral hog eradication program | feral hog hunting in louisiana | feral hog management | feral hog problem | feral hog problem in the united states | feral hog range | feral hog signs | feral hog snares | feral hog solutions,Auto-generated cluster (review/merge/split manually).,2840,en,hogeyecameras.com,2026-04-17T13:04:41.475728+00:00
hogeye_0004,candidate,wild boar,wild boar trap,wild boar traps for sale | wild boar america | wild boar big | wild boar control | wild boar damage | wild boar feed | wild boar hog | wild boar hunting in mississippi | wild boar in the united states | wild boar in the usa | wild boar management | wild boar mississippi | wild boar problem | wild boar sign,Auto-generated cluster (review/merge/split manually).,2840,en,hogeyecameras.com,2026-04-17T13:04:41.475728+00:00
hogeye_0005,candidate,boar buster,boar buster,boar buster trap | boar buster hog trap | boar buster trap price | boar buster hog trap prices | boar buster trap for sale | boar buster cost | boar buster for sale | boar buster hog trap for sale | boar buster trap video,Auto-generated cluster (review/merge/split manually).,2840,en,hogeyecameras.com,2026-04-17T13:04:41.475728+00:00
hogeye_0006,candidate,hog traps,hog traps,hog traps for sale | hog traps for sale near me | hog traps for sale louisiana | hog traps that drop | hog traps near me | hog traps for rent | hog traps for sale in mississippi,Auto-generated cluster (review/merge/split manually).,2840,en,hogeyecameras.com,2026-04-17T13:04:41.475728+00:00
hogeye_0007,candidate,hog trapping,hog trapping services,hog trapping business | hog trapping systems | hog trapping prices | hog trapping supplies | hog trapping regulations Texas,Auto-generated cluster (review/merge/split manually).,2840,en,hogeyecameras.com,2026-04-17T13:04:41.475728+00:00
hogeye_0008,candidate,best hog,best hog traps,best hog traps for sale | best hog trap design | best hog trap door | best hog trap door design,Auto-generated cluster (review/merge/split manually).,2840,en,hogeyecameras.com,2026-04-17T13:04:41.475728+00:00
hogeye_0009,candidate,cellular hog,cellular hog trap trigger,cellular hog trap | cellular hog traps for sale | cellular hog trap gate | cellular hog trap door,Auto-generated cluster (review/merge/split manually).,2840,en,hogeyecameras.com,2026-04-17T13:04:41.475728+00:00
hogeye_0010,candidate,diy hog,diy hog trap,diy hog trap door | diy hog trap gate | diy hog trap plans | diy hog trap trigger,Auto-generated cluster (review/merge/split manually).,2840,en,hogeyecameras.com,2026-04-17T13:04:41.475728+00:00
hogeye_0011,candidate,remote hog,remote hog trap,remote hog trap trigger | remote hog trap door | remote hog trap gate | remote hog trap monitoring,Auto-generated cluster (review/merge/split manually).,2840,en,hogeyecameras.com,2026-04-17T13:04:41.475728+00:00
hogeye_0012,candidate,wireless hog,wireless hog trap trigger,wireless hog trap | wireless hog trap gate | wireless hog trap trigger system | wireless hog traps for sale,Auto-generated cluster (review/merge/split manually).,2840,en,hogeyecameras.com,2026-04-17T13:04:41.475728+00:00
hogeye_0013,candidate,catching wild,catching wild hogs,catching wild boar | catching wild hogs in traps | catching wild pigs,Auto-generated cluster (review/merge/split manually).,2840,en,hogeyecameras.com,2026-04-17T13:04:41.475728+00:00
hogeye_0014,candidate,cell phone,cell phone hog trap,cell phone activated hog trap door | cell phone hog trap trigger | cell phone activated hog trap,Auto-generated cluster (review/merge/split manually).,2840,en,hogeyecameras.com,2026-04-17T13:04:41.475728+00:00
hogeye_0015,candidate,feral hogs,feral hogs for sale,feral hogs in mo | feral hogs in the united states | feral hogs usa,Auto-generated cluster (review/merge/split manually).,2840,en,hogeyecameras.com,2026-04-17T13:04:41.475728+00:00
hogeye_0016,candidate,hog hunting,hog hunting business,hog hunting for money | hog hunting in mo | hog hunting traps,Auto-generated cluster (review/merge/split manually).,2840,en,hogeyecameras.com,2026-04-17T13:04:41.475728+00:00
hogeye_0017,candidate,hogeye camera,hogeye camera,hogeye camera system | hogeye camera portal | hogeye camera price,Auto-generated cluster (review/merge/split manually).,2840,en,hogeyecameras.com,2026-04-17T13:04:41.475728+00:00
hogeye_0018,candidate,portable hog,portable hog traps for sale,portable hog trap | portable hog trap plans | portable hog trap trailer,Auto-generated cluster (review/merge/split manually).,2840,en,hogeyecameras.com,2026-04-17T13:04:41.475728+00:00
hogeye_0019,candidate,automatic hog,automatic hog trap,automatic hog trap door | automatic hog trap gate,Auto-generated cluster (review/merge/split manually).,2840,en,hogeyecameras.com,2026-04-17T13:04:41.475728+00:00
hogeye_0020,candidate,best way,best way to catch wild hogs,best way to trap hogs | best way to trap wild hogs,Auto-generated cluster (review/merge/split manually).,2840,en,hogeyecameras.com,2026-04-17T13:04:41.475728+00:00
hogeye_0021,candidate,boarbuster hog,boarbuster hog trap for sale,boarbuster hog trap | boarbuster hog trap price,Auto-generated cluster (review/merge/split manually).,2840,en,hogeyecameras.com,2026-04-17T13:04:41.475728+00:00
hogeye_0022,candidate,feral pigs,feral pigs hunting,feral pigs in america | feral pigs in usa,Auto-generated cluster (review/merge/split manually).,2840,en,hogeyecameras.com,2026-04-17T13:04:41.475728+00:00
hogeye_0023,candidate,hog eye,hog eye trap,hog eye camera | hog eye camera system,Auto-generated cluster (review/merge/split manually).,2840,en,hogeyecameras.com,2026-04-17T13:04:41.475728+00:00
hogeye_0024,candidate,homemade hog,homemade hog trap,homemade hog trap designs | homemade hog traps plans,Auto-generated cluster (review/merge/split manually).,2840,en,hogeyecameras.com,2026-04-17T13:04:41.475728+00:00
hogeye_0025,candidate,used hog,used hog traps for sale,used hog traps for sale near me | used hog traps,Auto-generated cluster (review/merge/split manually).,2840,en,hogeyecameras.com,2026-04-17T13:04:41.475728+00:00
