competitor_domain,keyword,search_volume,cpc,competition,competition_index,in_hogeye_universe,location_code,language_code,fetched_at
gamechangertraps.com,hog traps,6600,1.42,HIGH,98,yes,2840,en,2026-04-17T13:05:07.589668+00:00
gamechangertraps.com,hog traps for sale,480,1.1,HIGH,99,yes,2840,en,2026-04-17T13:05:07.589668+00:00
gamechangertraps.com,hog hunting,6600,1.25,LOW,17,no,2840,en,2026-04-17T13:05:07.589668+00:00
gamechangertraps.com,wild hog traps,6600,1.37,MEDIUM,50,yes,2840,en,2026-04-17T13:05:07.589668+00:00
gamechangertraps.com,wild hog hunting,8100,1.48,LOW,24,no,2840,en,2026-04-17T13:05:07.589668+00:00
gamechangertraps.com,hog traps for sale near me,390,1.93,HIGH,100,yes,2840,en,2026-04-17T13:05:07.589668+00:00
gamechangertraps.com,feral hog traps,6600,1.37,MEDIUM,50,yes,2840,en,2026-04-17T13:05:07.589668+00:00
gamechangertraps.com,wild hog hunting near me,1000,1.94,MEDIUM,35,no,2840,en,2026-04-17T13:05:07.589668+00:00
gamechangertraps.com,hog trap door,720,0.95,HIGH,98,yes,2840,en,2026-04-17T13:05:07.589668+00:00
gamechangertraps.com,wild hog traps for sale,140,2.27,HIGH,88,yes,2840,en,2026-04-17T13:05:07.589668+00:00
gamechangertraps.com,net hog trap,260,2.36,HIGH,86,no,2840,en,2026-04-17T13:05:07.589668+00:00
gamechangertraps.com,hog traps for sale in texas,10,,HIGH,86,no,2840,en,2026-04-17T13:05:07.589668+00:00
gamechangertraps.com,hog eye trap,90,2.93,MEDIUM,62,yes,2840,en,2026-04-17T13:05:07.589668+00:00
gamechangertraps.com,hog trap gate,390,1.22,HIGH,100,yes,2840,en,2026-04-17T13:05:07.589668+00:00
gamechangertraps.com,hogeye traps,70,3.5,MEDIUM,54,yes,2840,en,2026-04-17T13:05:07.589668+00:00
gamechangertraps.com,best hog traps,90,1.57,HIGH,100,yes,2840,en,2026-04-17T13:05:07.589668+00:00
gamechangertraps.com,cellular hog trap trigger,140,1.11,LOW,33,yes,2840,en,2026-04-17T13:05:07.589668+00:00
gamechangertraps.com,wild boar trap,6600,1.37,MEDIUM,50,yes,2840,en,2026-04-17T13:05:07.589668+00:00
gamechangertraps.com,hog trap trigger,390,1.07,HIGH,93,yes,2840,en,2026-04-17T13:05:07.589668+00:00
gamechangertraps.com,jager pro hog trap,390,4,LOW,30,no,2840,en,2026-04-17T13:05:07.589668+00:00
gamechangertraps.com,feral hog hunting,8100,1.48,LOW,24,yes,2840,en,2026-04-17T13:05:07.589668+00:00
gamechangertraps.com,feral hog traps for sale,140,2.27,HIGH,88,yes,2840,en,2026-04-17T13:05:07.589668+00:00
gamechangertraps.com,hogeye camera,140,0.92,MEDIUM,39,yes,2840,en,2026-04-17T13:05:07.589668+00:00
gamechangertraps.com,portable hog traps for sale,10,,HIGH,75,yes,2840,en,2026-04-17T13:05:07.589668+00:00
gamechangertraps.com,cellular hog trap,90,1.13,HIGH,88,yes,2840,en,2026-04-17T13:05:07.589668+00:00
gamechangertraps.com,automatic hog trap,90,1.24,HIGH,100,yes,2840,en,2026-04-17T13:05:07.589668+00:00
gamechangertraps.com,used hog traps for sale,210,0.38,MEDIUM,52,yes,2840,en,2026-04-17T13:05:07.589668+00:00
gamechangertraps.com,cellular hog traps for sale,10,0.3,MEDIUM,63,yes,2840,en,2026-04-17T13:05:07.589668+00:00
gamechangertraps.com,remote hog trap,110,1.21,HIGH,94,yes,2840,en,2026-04-17T13:05:07.589668+00:00
gamechangertraps.com,hog trap net,90,2.54,HIGH,93,no,2840,en,2026-04-17T13:05:07.589668+00:00
gamechangertraps.com,hog bait,480,0.64,HIGH,85,no,2840,en,2026-04-17T13:05:07.589668+00:00
gamechangertraps.com,remote hog trap trigger,90,0.87,HIGH,99,yes,2840,en,2026-04-17T13:05:07.589668+00:00
gamechangertraps.com,wild hog deterrent,480,0.65,HIGH,100,no,2840,en,2026-04-17T13:05:07.589668+00:00
gamechangertraps.com,hog eye camera,90,1.16,MEDIUM,62,yes,2840,en,2026-04-17T13:05:07.589668+00:00
gamechangertraps.com,hog drop trap,210,1.76,HIGH,91,yes,2840,en,2026-04-17T13:05:07.589668+00:00
gamechangertraps.com,hog snares for sale,10,0.45,HIGH,100,yes,2840,en,2026-04-17T13:05:07.589668+00:00
gamechangertraps.com,drop hog trap,210,1.76,HIGH,91,yes,2840,en,2026-04-17T13:05:07.589668+00:00
gamechangertraps.com,cheap hog trap,110,0.45,HIGH,91,yes,2840,en,2026-04-17T13:05:07.589668+00:00
gamechangertraps.com,round hog trap,140,1.19,HIGH,97,no,2840,en,2026-04-17T13:05:07.589668+00:00
gamechangertraps.com,portable hog trap,210,1.08,LOW,20,yes,2840,en,2026-04-17T13:05:07.589668+00:00
gamechangertraps.com,game changer hog trap,90,4.98,LOW,12,no,2840,en,2026-04-17T13:05:07.589668+00:00
gamechangertraps.com,remote control hog trap,110,1.21,HIGH,94,yes,2840,en,2026-04-17T13:05:07.589668+00:00
gamechangertraps.com,hog trapping in texas,10,2.71,LOW,29,no,2840,en,2026-04-17T13:05:07.589668+00:00
gamechangertraps.com,hog traps for sale louisiana,30,1.52,HIGH,100,yes,2840,en,2026-04-17T13:05:07.589668+00:00
gamechangertraps.com,boar trap,6600,1.37,MEDIUM,50,yes,2840,en,2026-04-17T13:05:07.589668+00:00
gamechangertraps.com,best hog hunting,70,1.29,MEDIUM,33,no,2840,en,2026-04-17T13:05:07.589668+00:00
gamechangertraps.com,boss hog traps,40,2.73,HIGH,86,no,2840,en,2026-04-17T13:05:07.589668+00:00
gamechangertraps.com,hog boss traps,90,3.19,HIGH,94,no,2840,en,2026-04-17T13:05:07.589668+00:00
gamechangertraps.com,electronic hog trap,40,1.35,HIGH,91,no,2840,en,2026-04-17T13:05:07.589668+00:00
gamechangertraps.com,hog traps that drop,90,1.64,HIGH,100,yes,2840,en,2026-04-17T13:05:07.589668+00:00
gamechangertraps.com,hog trap gates for sale,40,0.8,HIGH,100,yes,2840,en,2026-04-17T13:05:07.589668+00:00
gamechangertraps.com,corral hog trap,590,1.85,LOW,10,no,2840,en,2026-04-17T13:05:07.589668+00:00
gamechangertraps.com,best hog traps for sale,10,1.01,HIGH,100,yes,2840,en,2026-04-17T13:05:07.589668+00:00
gamechangertraps.com,wild hog bait,260,0.47,HIGH,88,no,2840,en,2026-04-17T13:05:07.589668+00:00
gamechangertraps.com,large hog traps,140,1.95,HIGH,83,no,2840,en,2026-04-17T13:05:07.589668+00:00
gamechangertraps.com,hog trapping services,50,5.92,LOW,31,yes,2840,en,2026-04-17T13:05:07.589668+00:00
gamechangertraps.com,hog eye camera system,30,1.77,HIGH,69,yes,2840,en,2026-04-17T13:05:07.589668+00:00
gamechangertraps.com,diy hog trap,320,0.03,LOW,14,yes,2840,en,2026-04-17T13:05:07.589668+00:00
gamechangertraps.com,feral hog removal,50,,LOW,4,no,2840,en,2026-04-17T13:05:07.589668+00:00
gamechangertraps.com,hog traps for sale san antonio,10,,,,no,2840,en,2026-04-17T13:05:07.589668+00:00
gamechangertraps.com,hog trap designs,210,1.01,MEDIUM,49,no,2840,en,2026-04-17T13:05:07.589668+00:00
gamechangertraps.com,hog trap doors for sale,50,1.2,HIGH,76,no,2840,en,2026-04-17T13:05:07.589668+00:00
gamechangertraps.com,hog trapping business,10,,LOW,14,yes,2840,en,2026-04-17T13:05:07.589668+00:00
gamechangertraps.com,cell phone hog trap,10,0.8,HIGH,68,yes,2840,en,2026-04-17T13:05:07.589668+00:00
gamechangertraps.com,hog traps near me,50,4.38,MEDIUM,63,yes,2840,en,2026-04-17T13:05:07.589668+00:00
gamechangertraps.com,hog trapping systems,20,1.44,HIGH,100,yes,2840,en,2026-04-17T13:05:07.589668+00:00
gamechangertraps.com,boarbuster hog trap for sale,10,,HIGH,71,yes,2840,en,2026-04-17T13:05:07.589668+00:00
gamechangertraps.com,used hog traps for sale near me,20,0.69,LOW,33,yes,2840,en,2026-04-17T13:05:07.589668+00:00
gamechangertraps.com,wild boar hunt near me,1000,1.94,MEDIUM,35,no,2840,en,2026-04-17T13:05:07.589668+00:00
gamechangertraps.com,drop hog traps for sale,10,,,,yes,2840,en,2026-04-17T13:05:07.589668+00:00
gamechangertraps.com,hogeye hog traps,10,2.91,HIGH,73,yes,2840,en,2026-04-17T13:05:07.589668+00:00
gamechangertraps.com,wild boar traps for sale,140,2.27,HIGH,88,yes,2840,en,2026-04-17T13:05:07.589668+00:00
gamechangertraps.com,cellular hog trap gate,50,1.2,HIGH,99,yes,2840,en,2026-04-17T13:05:07.589668+00:00
gamechangertraps.com,game changer traps,70,3.32,LOW,9,no,2840,en,2026-04-17T13:05:07.589668+00:00
gamechangertraps.com,wild hog removal,30,13.98,MEDIUM,33,no,2840,en,2026-04-17T13:05:07.589668+00:00
gamechangertraps.com,voorhies hog trap,30,0.21,HIGH,76,no,2840,en,2026-04-17T13:05:07.589668+00:00
gamechangertraps.com,best wild hog traps,10,3.41,HIGH,100,yes,2840,en,2026-04-17T13:05:07.589668+00:00
gamechangertraps.com,hog trap door designs,170,0.42,LOW,30,yes,2840,en,2026-04-17T13:05:07.589668+00:00
gamechangertraps.com,trapping wild hogs in texas,90,2.31,LOW,8,no,2840,en,2026-04-17T13:05:07.589668+00:00
gamechangertraps.com,drop down hog trap,20,1.44,HIGH,83,no,2840,en,2026-04-17T13:05:07.589668+00:00
gamechangertraps.com,hog trap gate trigger,70,0.93,MEDIUM,38,yes,2840,en,2026-04-17T13:05:07.589668+00:00
gamechangertraps.com,best hog bait,170,0.58,LOW,18,no,2840,en,2026-04-17T13:05:07.589668+00:00
gamechangertraps.com,round hog traps for sale,10,,LOW,,no,2840,en,2026-04-17T13:05:07.589668+00:00
gamechangertraps.com,cell phone activated hog trap door,10,0.4,HIGH,83,yes,2840,en,2026-04-17T13:05:07.589668+00:00
gamechangertraps.com,angry boar hog traps,10,2.55,HIGH,96,no,2840,en,2026-04-17T13:05:07.589668+00:00
gamechangertraps.com,hog trap panels,70,0.75,MEDIUM,64,no,2840,en,2026-04-17T13:05:07.589668+00:00
gamechangertraps.com,automatic hog trap door,40,0.86,HIGH,100,yes,2840,en,2026-04-17T13:05:07.589668+00:00
gamechangertraps.com,hog pen trap,40,1.82,HIGH,83,no,2840,en,2026-04-17T13:05:07.589668+00:00
gamechangertraps.com,cellular hog trap door,10,0.72,HIGH,100,yes,2840,en,2026-04-17T13:05:07.589668+00:00
gamechangertraps.com,drop trap for hogs,70,1.44,HIGH,99,yes,2840,en,2026-04-17T13:05:07.589668+00:00
gamechangertraps.com,buy hog trap,10,,HIGH,80,yes,2840,en,2026-04-17T13:05:07.589668+00:00
gamechangertraps.com,live hog traps,30,0.9,HIGH,82,yes,2840,en,2026-04-17T13:05:07.589668+00:00
gamechangertraps.com,homemade hog trap,260,0.45,LOW,20,yes,2840,en,2026-04-17T13:05:07.589668+00:00
gamechangertraps.com,building a hog trap,70,0.57,MEDIUM,47,no,2840,en,2026-04-17T13:05:07.589668+00:00
gamechangertraps.com,catching wild hogs,50,,LOW,1,yes,2840,en,2026-04-17T13:05:07.589668+00:00
gamechangertraps.com,hog trap drop gate,70,1.45,HIGH,94,yes,2840,en,2026-04-17T13:05:07.589668+00:00
gamechangertraps.com,hog traps for sale in georgia,10,0.47,HIGH,100,no,2840,en,2026-04-17T13:05:07.589668+00:00
gamechangertraps.com,best hog trap design,10,2.92,HIGH,100,yes,2840,en,2026-04-17T13:05:07.589668+00:00
gamechangertraps.com,6 hog trap,10,,HIGH,100,yes,2840,en,2026-04-17T13:05:07.589668+00:00
gamechangertraps.com,alabama feral hog hunting,880,1.45,LOW,4,no,2840,en,2026-04-17T13:05:07.589668+00:00
gamechangertraps.com,alabama wild hog,480,,LOW,,no,2840,en,2026-04-17T13:05:07.589668+00:00
gamechangertraps.com,automatic hog trap gate,10,2.84,HIGH,95,yes,2840,en,2026-04-17T13:05:07.589668+00:00
gamechangertraps.com,bait for feral hogs,10,,LOW,11,no,2840,en,2026-04-17T13:05:07.589668+00:00
gamechangertraps.com,bait for hog trap,40,0.88,HIGH,72,no,2840,en,2026-04-17T13:05:07.589668+00:00
gamechangertraps.com,baiting wild pigs,260,0.47,HIGH,88,no,2840,en,2026-04-17T13:05:07.589668+00:00
gamechangertraps.com,best bait for feral hogs,20,,LOW,,no,2840,en,2026-04-17T13:05:07.589668+00:00
gamechangertraps.com,best bait for hog trap,70,0.46,LOW,28,no,2840,en,2026-04-17T13:05:07.589668+00:00
gamechangertraps.com,best bait for wild hogs,210,0.54,HIGH,98,no,2840,en,2026-04-17T13:05:07.589668+00:00
gamechangertraps.com,best bait for wild pigs,210,0.54,HIGH,98,no,2840,en,2026-04-17T13:05:07.589668+00:00
gamechangertraps.com,best feed for wild hogs,10,,HIGH,86,no,2840,en,2026-04-17T13:05:07.589668+00:00
gamechangertraps.com,best feral hog hunting,70,1.29,MEDIUM,33,no,2840,en,2026-04-17T13:05:07.589668+00:00
gamechangertraps.com,best hog trap door,10,0.51,HIGH,79,yes,2840,en,2026-04-17T13:05:07.589668+00:00
gamechangertraps.com,best hog trap door design,10,,HIGH,69,yes,2840,en,2026-04-17T13:05:07.589668+00:00
gamechangertraps.com,best place for hog hunting,10,1.2,MEDIUM,62,no,2840,en,2026-04-17T13:05:07.589668+00:00
gamechangertraps.com,best place to hunt feral hogs,40,1.24,MEDIUM,46,no,2840,en,2026-04-17T13:05:07.589668+00:00
gamechangertraps.com,best places to hunt wild hogs,40,1.24,MEDIUM,46,no,2840,en,2026-04-17T13:05:07.589668+00:00
gamechangertraps.com,best time of year to hunt wild boar,10,,LOW,,no,2840,en,2026-04-17T13:05:07.589668+00:00
gamechangertraps.com,best way to bait hogs,10,,LOW,19,no,2840,en,2026-04-17T13:05:07.589668+00:00
gamechangertraps.com,best way to bait wild hogs,10,,LOW,,no,2840,en,2026-04-17T13:05:07.589668+00:00
gamechangertraps.com,best way to catch wild hogs,10,2.82,HIGH,100,yes,2840,en,2026-04-17T13:05:07.589668+00:00
gamechangertraps.com,best way to get rid of feral hogs,20,,MEDIUM,44,no,2840,en,2026-04-17T13:05:07.589668+00:00
gamechangertraps.com,best way to kill feral hogs,10,,LOW,,no,2840,en,2026-04-17T13:05:07.589668+00:00
gamechangertraps.com,best way to trap wild hogs,10,,HIGH,100,yes,2840,en,2026-04-17T13:05:07.589668+00:00
gamechangertraps.com,best wild boar hunting in us,10,2.26,MEDIUM,43,no,2840,en,2026-04-17T13:05:07.589668+00:00
gamechangertraps.com,best wild hog bait for trap,10,,HIGH,100,no,2840,en,2026-04-17T13:05:07.589668+00:00
gamechangertraps.com,best wild hog hunting,70,1.29,MEDIUM,33,no,2840,en,2026-04-17T13:05:07.589668+00:00
gamechangertraps.com,boarbuster hog trap price,20,2.69,LOW,22,yes,2840,en,2026-04-17T13:05:07.589668+00:00
gamechangertraps.com,boarbuster hog traps,260,4.64,LOW,2,no,2840,en,2026-04-17T13:05:07.589668+00:00
gamechangertraps.com,boarbuster traps for sale,10,,LOW,29,yes,2840,en,2026-04-17T13:05:07.589668+00:00
gamechangertraps.com,box hog trap,140,1.19,MEDIUM,48,no,2840,en,2026-04-17T13:05:07.589668+00:00
gamechangertraps.com,build your own hog trap,10,,LOW,,no,2840,en,2026-04-17T13:05:07.589668+00:00
gamechangertraps.com,building a hog trap door,10,,LOW,,no,2840,en,2026-04-17T13:05:07.589668+00:00
gamechangertraps.com,building a wild hog trap,10,,LOW,,no,2840,en,2026-04-17T13:05:07.589668+00:00
gamechangertraps.com,bull creek game changer,10,,,,no,2840,en,2026-04-17T13:05:07.589668+00:00
gamechangertraps.com,bull creek game changer jr price,0,,,,no,2840,en,2026-04-17T13:05:07.589668+00:00
gamechangertraps.com,bull creek hog trap,10,,MEDIUM,42,no,2840,en,2026-04-17T13:05:07.589668+00:00
gamechangertraps.com,bull creek traps,10,4.42,LOW,32,no,2840,en,2026-04-17T13:05:07.589668+00:00
gamechangertraps.com,c hog trap,90,2.85,LOW,31,no,2840,en,2026-04-17T13:05:07.589668+00:00
gamechangertraps.com,c&w hog traps,10,,HIGH,100,no,2840,en,2026-04-17T13:05:07.589668+00:00
gamechangertraps.com,calling feral hogs,480,0.53,LOW,28,no,2840,en,2026-04-17T13:05:07.589668+00:00
gamechangertraps.com,catching wild boars,40,1.16,LOW,15,no,2840,en,2026-04-17T13:05:07.589668+00:00
gamechangertraps.com,catching wild hogs in traps,10,,LOW,17,yes,2840,en,2026-04-17T13:05:07.589668+00:00
gamechangertraps.com,catching wild pigs,10,,LOW,5,yes,2840,en,2026-04-17T13:05:07.589668+00:00
gamechangertraps.com,cell phone activated hog trap,10,1.54,MEDIUM,43,yes,2840,en,2026-04-17T13:05:07.589668+00:00
gamechangertraps.com,cheap hog traps for sale,10,,LOW,,yes,2840,en,2026-04-17T13:05:07.589668+00:00
gamechangertraps.com,cheap wild hog hunting,170,0.74,LOW,26,no,2840,en,2026-04-17T13:05:07.589668+00:00
gamechangertraps.com,circle hog trap,140,1.19,HIGH,97,no,2840,en,2026-04-17T13:05:07.589668+00:00
gamechangertraps.com,circular hog trap that drops,20,1.72,HIGH,93,no,2840,en,2026-04-17T13:05:07.589668+00:00
gamechangertraps.com,continuous catch hog traps,10,0.53,MEDIUM,37,no,2840,en,2026-04-17T13:05:07.589668+00:00
gamechangertraps.com,corral hog trap design,10,,LOW,25,no,2840,en,2026-04-17T13:05:07.589668+00:00
gamechangertraps.com,corral trap,110,2.07,LOW,13,no,2840,en,2026-04-17T13:05:07.589668+00:00
gamechangertraps.com,corral trap for feral hogs,170,1.95,LOW,7,no,2840,en,2026-04-17T13:05:07.589668+00:00
gamechangertraps.com,corral traps for capturing feral hogs,10,,,,no,2840,en,2026-04-17T13:05:07.589668+00:00
gamechangertraps.com,custom hog traps,10,,HIGH,83,yes,2840,en,2026-04-17T13:05:07.589668+00:00
gamechangertraps.com,deer in hog trap,10,,LOW,,yes,2840,en,2026-04-17T13:05:07.589668+00:00
gamechangertraps.com,different types of hog traps,10,0.33,HIGH,79,yes,2840,en,2026-04-17T13:05:07.589668+00:00
gamechangertraps.com,diy hog trap door,20,,LOW,6,yes,2840,en,2026-04-17T13:05:07.589668+00:00
gamechangertraps.com,diy hog trap gate,10,,LOW,2,yes,2840,en,2026-04-17T13:05:07.589668+00:00
gamechangertraps.com,diy hog trap plans,10,,LOW,,yes,2840,en,2026-04-17T13:05:07.589668+00:00
gamechangertraps.com,diy hog trap trigger,30,,LOW,,yes,2840,en,2026-04-17T13:05:07.589668+00:00
gamechangertraps.com,drop door hog trap,10,,HIGH,86,yes,2840,en,2026-04-17T13:05:07.589668+00:00
gamechangertraps.com,drop gate for hog trap,40,1.06,HIGH,96,yes,2840,en,2026-04-17T13:05:07.589668+00:00
gamechangertraps.com,drop gate hog trap,30,1.47,HIGH,86,yes,2840,en,2026-04-17T13:05:07.589668+00:00
gamechangertraps.com,drop net hog trap,10,,,,no,2840,en,2026-04-17T13:05:07.589668+00:00
gamechangertraps.com,easy hog trap,10,,LOW,8,yes,2840,en,2026-04-17T13:05:07.589668+00:00
gamechangertraps.com,electronic hog trap gate,10,1.02,HIGH,100,no,2840,en,2026-04-17T13:05:07.589668+00:00
gamechangertraps.com,eradicating feral hogs,10,,LOW,,no,2840,en,2026-04-17T13:05:07.589668+00:00
gamechangertraps.com,feral boar hunting,40,1.52,LOW,18,yes,2840,en,2026-04-17T13:05:07.589668+00:00
gamechangertraps.com,feral hog control,2400,1.92,LOW,1,yes,2840,en,2026-04-17T13:05:07.589668+00:00
gamechangertraps.com,feral hog control methods,90,0.01,LOW,2,no,2840,en,2026-04-17T13:05:07.589668+00:00
gamechangertraps.com,feral hog deterrent,480,0.65,HIGH,100,no,2840,en,2026-04-17T13:05:07.589668+00:00
gamechangertraps.com,feral hog snares,90,0.44,HIGH,94,yes,2840,en,2026-04-17T13:05:07.589668+00:00
gamechangertraps.com,feral hog solutions,10,,LOW,,yes,2840,en,2026-04-17T13:05:07.589668+00:00
gamechangertraps.com,feral hog track,140,,LOW,,no,2840,en,2026-04-17T13:05:07.589668+00:00
gamechangertraps.com,feral hog traps design,30,2.61,LOW,23,yes,2840,en,2026-04-17T13:05:07.589668+00:00
gamechangertraps.com,feral hogs alabama,480,,LOW,,no,2840,en,2026-04-17T13:05:07.589668+00:00
gamechangertraps.com,feral hogs california,1300,0.6,LOW,,no,2840,en,2026-04-17T13:05:07.589668+00:00
gamechangertraps.com,free feral hog hunting,20,1.42,LOW,14,no,2840,en,2026-04-17T13:05:07.589668+00:00
gamechangertraps.com,free wild hog hunting,20,1.42,LOW,14,no,2840,en,2026-04-17T13:05:07.589668+00:00
gamechangertraps.com,game changer jr,10,0.02,LOW,14,no,2840,en,2026-04-17T13:05:07.589668+00:00
gamechangertraps.com,game changer jr hog trap,10,,LOW,1,no,2840,en,2026-04-17T13:05:07.589668+00:00
gamechangertraps.com,getting rid of feral hogs,10,,MEDIUM,33,no,2840,en,2026-04-17T13:05:07.589668+00:00
gamechangertraps.com,getting rid of wild hogs,10,1.78,MEDIUM,50,no,2840,en,2026-04-17T13:05:07.589668+00:00
gamechangertraps.com,good hog bait,170,0.58,LOW,18,no,2840,en,2026-04-17T13:05:07.589668+00:00
gamechangertraps.com,guillotine door for hog trap,10,0.12,MEDIUM,48,no,2840,en,2026-04-17T13:05:07.589668+00:00
gamechangertraps.com,guillotine gate for hog trap,10,,LOW,14,no,2840,en,2026-04-17T13:05:07.589668+00:00
gamechangertraps.com,guillotine hog trap,20,0.22,LOW,17,no,2840,en,2026-04-17T13:05:07.589668+00:00
gamechangertraps.com,guillotine hog trap door,90,0.53,LOW,11,no,2840,en,2026-04-17T13:05:07.589668+00:00
gamechangertraps.com,hog camera,390,0.53,LOW,,yes,2840,en,2026-04-17T13:05:07.589668+00:00
gamechangertraps.com,hog corral,10,3.04,HIGH,70,no,2840,en,2026-04-17T13:05:07.589668+00:00
gamechangertraps.com,hog hunting traps,20,0.1,MEDIUM,38,yes,2840,en,2026-04-17T13:05:07.589668+00:00
gamechangertraps.com,hog hunting usa,40,0.84,LOW,26,no,2840,en,2026-04-17T13:05:07.589668+00:00
gamechangertraps.com,hog hunting video,390,1.48,LOW,1,no,2840,en,2026-04-17T13:05:07.589668+00:00
gamechangertraps.com,hog sign,40,,LOW,21,yes,2840,en,2026-04-17T13:05:07.589668+00:00
gamechangertraps.com,hog sounder,90,,LOW,2,no,2840,en,2026-04-17T13:05:07.589668+00:00
gamechangertraps.com,hog trap blueprints,50,,LOW,8,no,2840,en,2026-04-17T13:05:07.589668+00:00
gamechangertraps.com,hog trap build,10,0.14,MEDIUM,60,no,2840,en,2026-04-17T13:05:07.589668+00:00
gamechangertraps.com,hog trap building plans,10,,,,no,2840,en,2026-04-17T13:05:07.589668+00:00
gamechangertraps.com,hog trap camera,10,2.22,HIGH,70,yes,2840,en,2026-04-17T13:05:07.589668+00:00
gamechangertraps.com,hog trap camera trigger,10,1.35,HIGH,70,yes,2840,en,2026-04-17T13:05:07.589668+00:00
gamechangertraps.com,hog trap design plans,210,1.01,MEDIUM,49,yes,2840,en,2026-04-17T13:05:07.589668+00:00
gamechangertraps.com,hog trap designs portable,30,1.62,LOW,30,no,2840,en,2026-04-17T13:05:07.589668+00:00
gamechangertraps.com,hog trap dimensions,10,,LOW,,no,2840,en,2026-04-17T13:05:07.589668+00:00
gamechangertraps.com,hog trap diy,70,,LOW,29,yes,2840,en,2026-04-17T13:05:07.589668+00:00
gamechangertraps.com,hog trap door plans,10,,LOW,,yes,2840,en,2026-04-17T13:05:07.589668+00:00
gamechangertraps.com,hog trap door triggers,170,1.02,HIGH,85,no,2840,en,2026-04-17T13:05:07.589668+00:00
gamechangertraps.com,hog trap doors how to build,10,,LOW,3,no,2840,en,2026-04-17T13:05:07.589668+00:00
gamechangertraps.com,hog trap drop gate designs,10,,LOW,12,yes,2840,en,2026-04-17T13:05:07.589668+00:00
gamechangertraps.com,hog trap gate designs,10,,LOW,,yes,2840,en,2026-04-17T13:05:07.589668+00:00
gamechangertraps.com,hog trap gate plans,10,,LOW,,yes,2840,en,2026-04-17T13:05:07.589668+00:00
gamechangertraps.com,hog trap guillotine door,90,0.53,LOW,11,no,2840,en,2026-04-17T13:05:07.589668+00:00
gamechangertraps.com,hog trap ideas,30,2.34,MEDIUM,45,no,2840,en,2026-04-17T13:05:07.589668+00:00
gamechangertraps.com,hog trap panels for sale,10,0.95,HIGH,91,no,2840,en,2026-04-17T13:05:07.589668+00:00
gamechangertraps.com,hog trap plans,210,1.01,MEDIUM,49,yes,2840,en,2026-04-17T13:05:07.589668+00:00
gamechangertraps.com,hog trap plans free,90,,LOW,3,yes,2840,en,2026-04-17T13:05:07.589668+00:00
gamechangertraps.com,hog trap prices,10,,HIGH,71,no,2840,en,2026-04-17T13:05:07.589668+00:00
gamechangertraps.com,hog trap rental,20,1.35,MEDIUM,60,no,2840,en,2026-04-17T13:05:07.589668+00:00
gamechangertraps.com,hog trap trailer,50,1.78,LOW,5,yes,2840,en,2026-04-17T13:05:07.589668+00:00
gamechangertraps.com,hog trap trailer for sale,10,,LOW,5,yes,2840,en,2026-04-17T13:05:07.589668+00:00
gamechangertraps.com,hog trap trip mechanism,20,0.96,LOW,22,no,2840,en,2026-04-17T13:05:07.589668+00:00
gamechangertraps.com,hog trap tripwire design,70,0.99,MEDIUM,44,no,2840,en,2026-04-17T13:05:07.589668+00:00
gamechangertraps.com,hog trap video,140,,LOW,,yes,2840,en,2026-04-17T13:05:07.589668+00:00
gamechangertraps.com,hog trap videos youtube,10,,LOW,,no,2840,en,2026-04-17T13:05:07.589668+00:00
gamechangertraps.com,hog trapping forum,10,,LOW,,no,2840,en,2026-04-17T13:05:07.589668+00:00
gamechangertraps.com,hog trapping tips,10,,LOW,12,no,2840,en,2026-04-17T13:05:07.589668+00:00
gamechangertraps.com,hog traps amazon,10,,HIGH,100,no,2840,en,2026-04-17T13:05:07.589668+00:00
gamechangertraps.com,hog traps for rent,10,,MEDIUM,57,yes,2840,en,2026-04-17T13:05:07.589668+00:00
gamechangertraps.com,hog traps for sale in alabama,10,,,,no,2840,en,2026-04-17T13:05:07.589668+00:00
gamechangertraps.com,hog traps for sale in arkansas,10,,HIGH,100,no,2840,en,2026-04-17T13:05:07.589668+00:00
gamechangertraps.com,hog traps for sale in east texas,10,,LOW,4,no,2840,en,2026-04-17T13:05:07.589668+00:00
gamechangertraps.com,hog traps for sale in mississippi,10,,,,yes,2840,en,2026-04-17T13:05:07.589668+00:00
gamechangertraps.com,hog traps for sale in oklahoma,10,1.79,HIGH,100,no,2840,en,2026-04-17T13:05:07.589668+00:00
gamechangertraps.com,hog traps youtube,20,3,LOW,8,no,2840,en,2026-04-17T13:05:07.589668+00:00
gamechangertraps.com,hog wild feed,10,0.6,HIGH,100,no,2840,en,2026-04-17T13:05:07.589668+00:00
gamechangertraps.com,hog wild hog bait,260,0.47,HIGH,88,no,2840,en,2026-04-17T13:05:07.589668+00:00
gamechangertraps.com,hog wild hog hunting,110,3.1,LOW,4,no,2840,en,2026-04-17T13:05:07.589668+00:00
gamechangertraps.com,hog wild trap door,10,0.25,MEDIUM,51,yes,2840,en,2026-04-17T13:05:07.589668+00:00
gamechangertraps.com,hogeye trap cameras,10,0.56,MEDIUM,46,yes,2840,en,2026-04-17T13:05:07.589668+00:00
gamechangertraps.com,hogs in a trap,6600,1.42,HIGH,98,no,2840,en,2026-04-17T13:05:07.589668+00:00
gamechangertraps.com,hogs in california,20,,LOW,1,no,2840,en,2026-04-17T13:05:07.589668+00:00
gamechangertraps.com,hogs in trap,6600,1.42,HIGH,98,no,2840,en,2026-04-17T13:05:07.589668+00:00
gamechangertraps.com,hogs rooting,210,,LOW,,no,2840,en,2026-04-17T13:05:07.589668+00:00
gamechangertraps.com,home made hog trap,30,,LOW,24,yes,2840,en,2026-04-17T13:05:07.589668+00:00
gamechangertraps.com,homemade cellular hog trap,10,,,,no,2840,en,2026-04-17T13:05:07.589668+00:00
gamechangertraps.com,homemade hog trap designs,30,,LOW,6,yes,2840,en,2026-04-17T13:05:07.589668+00:00
gamechangertraps.com,homemade hog trap door,30,9.56,LOW,8,no,2840,en,2026-04-17T13:05:07.589668+00:00
gamechangertraps.com,homemade hog traps plans,30,,LOW,6,yes,2840,en,2026-04-17T13:05:07.589668+00:00
gamechangertraps.com,homemade wild hog traps,10,,LOW,,no,2840,en,2026-04-17T13:05:07.589668+00:00
gamechangertraps.com,huge hog trap,140,1.95,HIGH,83,no,2840,en,2026-04-17T13:05:07.589668+00:00
gamechangertraps.com,hunting for pigs,1300,1.25,LOW,12,no,2840,en,2026-04-17T13:05:07.589668+00:00
gamechangertraps.com,hunting wild boars,8100,1.48,LOW,24,no,2840,en,2026-04-17T13:05:07.589668+00:00
gamechangertraps.com,jager hog trap,390,4,LOW,30,no,2840,en,2026-04-17T13:05:07.589668+00:00
gamechangertraps.com,jager pro hog panels,10,,LOW,,no,2840,en,2026-04-17T13:05:07.589668+00:00
gamechangertraps.com,jager pro hog trap for sale,10,2.83,MEDIUM,49,no,2840,en,2026-04-17T13:05:07.589668+00:00
gamechangertraps.com,jager pro hog trap gate,20,4.37,MEDIUM,34,no,2840,en,2026-04-17T13:05:07.589668+00:00
gamechangertraps.com,jager pro trap,390,4,LOW,30,no,2840,en,2026-04-17T13:05:07.589668+00:00
gamechangertraps.com,live wild hogs for sale,10,,,,yes,2840,en,2026-04-17T13:05:07.589668+00:00
gamechangertraps.com,make a hog trap,70,0.57,MEDIUM,47,yes,2840,en,2026-04-17T13:05:07.589668+00:00
gamechangertraps.com,making hog bait,10,,,,no,2840,en,2026-04-17T13:05:07.589668+00:00
gamechangertraps.com,mobile hog trap,10,,MEDIUM,39,yes,2840,en,2026-04-17T13:05:07.589668+00:00
gamechangertraps.com,new hog trap net,10,,,,no,2840,en,2026-04-17T13:05:07.589668+00:00
gamechangertraps.com,nuisance hog hunting,10,1.04,LOW,19,yes,2840,en,2026-04-17T13:05:07.589668+00:00
gamechangertraps.com,phone activated hog trap,10,15.37,MEDIUM,57,no,2840,en,2026-04-17T13:05:07.589668+00:00
gamechangertraps.com,pictures of hog traps,10,,LOW,14,no,2840,en,2026-04-17T13:05:07.589668+00:00
gamechangertraps.com,portable hog trap plans,30,1.62,LOW,30,yes,2840,en,2026-04-17T13:05:07.589668+00:00
gamechangertraps.com,portable hog trap trailer,10,,LOW,,yes,2840,en,2026-04-17T13:05:07.589668+00:00
gamechangertraps.com,remote activated hog trap,10,,HIGH,93,yes,2840,en,2026-04-17T13:05:07.589668+00:00
gamechangertraps.com,remote hog trap door,20,0.77,HIGH,100,yes,2840,en,2026-04-17T13:05:07.589668+00:00
gamechangertraps.com,remote hog trap gate,10,1.46,HIGH,68,yes,2840,en,2026-04-17T13:05:07.589668+00:00
gamechangertraps.com,remote trigger for hog trap,20,0.48,HIGH,91,yes,2840,en,2026-04-17T13:05:07.589668+00:00
gamechangertraps.com,root gate hog trap,10,0.39,HIGH,79,no,2840,en,2026-04-17T13:05:07.589668+00:00
gamechangertraps.com,round drop hog trap,20,1.72,HIGH,93,no,2840,en,2026-04-17T13:05:07.589668+00:00
gamechangertraps.com,round hog trap video,10,,LOW,,no,2840,en,2026-04-17T13:05:07.589668+00:00
gamechangertraps.com,selling feral hogs,20,,LOW,,no,2840,en,2026-04-17T13:05:07.589668+00:00
gamechangertraps.com,setting hog snares,10,0.11,LOW,29,no,2840,en,2026-04-17T13:05:07.589668+00:00
gamechangertraps.com,shoot hogs,140,1.18,LOW,7,no,2840,en,2026-04-17T13:05:07.589668+00:00
gamechangertraps.com,shoot wild hogs,210,1.12,LOW,11,yes,2840,en,2026-04-17T13:05:07.589668+00:00
gamechangertraps.com,shooting hogs in a trap,20,,LOW,10,no,2840,en,2026-04-17T13:05:07.589668+00:00
gamechangertraps.com,simple hog trap,10,,MEDIUM,63,yes,2840,en,2026-04-17T13:05:07.589668+00:00
gamechangertraps.com,small hog trap,30,2.11,HIGH,74,no,2840,en,2026-04-17T13:05:07.589668+00:00
gamechangertraps.com,snare trap for hogs,1600,1.2,MEDIUM,60,no,2840,en,2026-04-17T13:05:07.589668+00:00
gamechangertraps.com,spear hunting hogs,720,,LOW,1,no,2840,en,2026-04-17T13:05:07.589668+00:00
gamechangertraps.com,spear hunting pigs,720,,LOW,1,no,2840,en,2026-04-17T13:05:07.589668+00:00
gamechangertraps.com,spinning hog trap,10,,LOW,,no,2840,en,2026-04-17T13:05:07.589668+00:00
gamechangertraps.com,spiral hog trap,10,2.44,MEDIUM,38,no,2840,en,2026-04-17T13:05:07.589668+00:00
gamechangertraps.com,states with wild hogs,70,,LOW,,yes,2840,en,2026-04-17T13:05:07.589668+00:00
gamechangertraps.com,suspended hog trap,10,,HIGH,100,no,2840,en,2026-04-17T13:05:07.589668+00:00
gamechangertraps.com,swing door hog trap,10,1.47,HIGH,100,no,2840,en,2026-04-17T13:05:07.589668+00:00
gamechangertraps.com,texas hog traps for sale,10,0.89,HIGH,100,no,2840,en,2026-04-17T13:05:07.589668+00:00
gamechangertraps.com,tracking hogs,880,1.44,MEDIUM,34,yes,2840,en,2026-04-17T13:05:07.589668+00:00
gamechangertraps.com,trampoline hog trap,20,,LOW,1,no,2840,en,2026-04-17T13:05:07.589668+00:00
gamechangertraps.com,trap door for hog trap,720,0.95,HIGH,98,yes,2840,en,2026-04-17T13:05:07.589668+00:00
gamechangertraps.com,trapping and killing wild hogs,10,,LOW,,no,2840,en,2026-04-17T13:05:07.589668+00:00
gamechangertraps.com,trapping feral hogs in texas,90,2.31,LOW,8,no,2840,en,2026-04-17T13:05:07.589668+00:00
gamechangertraps.com,trapping pigs in texas,10,,LOW,,no,2840,en,2026-04-17T13:05:07.589668+00:00
gamechangertraps.com,trapping wild hogs videos,50,,LOW,1,no,2840,en,2026-04-17T13:05:07.589668+00:00
gamechangertraps.com,trapping wild hogs youtube,10,,LOW,4,no,2840,en,2026-04-17T13:05:07.589668+00:00
gamechangertraps.com,traps for hogs,10,,HIGH,100,yes,2840,en,2026-04-17T13:05:07.589668+00:00
gamechangertraps.com,tricks to trapping wild hogs,10,,,,no,2840,en,2026-04-17T13:05:07.589668+00:00
gamechangertraps.com,types of hog traps,10,0.57,MEDIUM,42,yes,2840,en,2026-04-17T13:05:07.589668+00:00
gamechangertraps.com,used hog traps,10,,LOW,21,yes,2840,en,2026-04-17T13:05:07.589668+00:00
gamechangertraps.com,wexford hog trap,10,,,,no,2840,en,2026-04-17T13:05:07.589668+00:00
gamechangertraps.com,wild boar cage trap,30,,MEDIUM,50,no,2840,en,2026-04-17T13:05:07.589668+00:00
gamechangertraps.com,wild boar eradication,10,,LOW,,no,2840,en,2026-04-17T13:05:07.589668+00:00
gamechangertraps.com,wild boar removal,30,13.98,MEDIUM,33,no,2840,en,2026-04-17T13:05:07.589668+00:00
gamechangertraps.com,wild boar trapping videos,50,,LOW,1,yes,2840,en,2026-04-17T13:05:07.589668+00:00
gamechangertraps.com,wild boars in california,1300,0.6,LOW,,no,2840,en,2026-04-17T13:05:07.589668+00:00
gamechangertraps.com,wild feral hogs,170,,LOW,,yes,2840,en,2026-04-17T13:05:07.589668+00:00
gamechangertraps.com,wild hog buyers near me,10,,LOW,,yes,2840,en,2026-04-17T13:05:07.589668+00:00
gamechangertraps.com,wild hog california,1300,0.6,LOW,,no,2840,en,2026-04-17T13:05:07.589668+00:00
gamechangertraps.com,wild hog calling,110,0.71,MEDIUM,45,no,2840,en,2026-04-17T13:05:07.589668+00:00
gamechangertraps.com,wild hog catch pens,10,2.88,LOW,19,yes,2840,en,2026-04-17T13:05:07.589668+00:00
gamechangertraps.com,wild hog control,2400,1.92,LOW,1,yes,2840,en,2026-04-17T13:05:07.589668+00:00
gamechangertraps.com,wild hog corral trap,10,7.78,LOW,23,no,2840,en,2026-04-17T13:05:07.589668+00:00
gamechangertraps.com,wild hog drop trap,10,1.07,MEDIUM,44,yes,2840,en,2026-04-17T13:05:07.589668+00:00
gamechangertraps.com,wild hog eradication,10,,LOW,,no,2840,en,2026-04-17T13:05:07.589668+00:00
gamechangertraps.com,wild hog feed,40,0.85,HIGH,84,no,2840,en,2026-04-17T13:05:07.589668+00:00
gamechangertraps.com,wild hog gate,10,,HIGH,84,yes,2840,en,2026-04-17T13:05:07.589668+00:00
gamechangertraps.com,wild hog hunting alabama,880,1.45,LOW,4,no,2840,en,2026-04-17T13:05:07.589668+00:00
gamechangertraps.com,wild hog hunting season,170,0.29,LOW,2,no,2840,en,2026-04-17T13:05:07.589668+00:00
gamechangertraps.com,wild hog live traps,30,,LOW,10,yes,2840,en,2026-04-17T13:05:07.589668+00:00
gamechangertraps.com,wild hog net trap,20,2.68,MEDIUM,53,no,2840,en,2026-04-17T13:05:07.589668+00:00
gamechangertraps.com,wild hog pens,30,,LOW,18,no,2840,en,2026-04-17T13:05:07.589668+00:00
gamechangertraps.com,wild hog rooting,70,0.8,LOW,,no,2840,en,2026-04-17T13:05:07.589668+00:00
gamechangertraps.com,wild hog snares,90,0.44,HIGH,94,yes,2840,en,2026-04-17T13:05:07.589668+00:00
gamechangertraps.com,wild hog snares for sale,10,,,,yes,2840,en,2026-04-17T13:05:07.589668+00:00
gamechangertraps.com,wild hog trap designs,30,2.61,LOW,23,yes,2840,en,2026-04-17T13:05:07.589668+00:00
gamechangertraps.com,wild hog trap doors,10,0.25,MEDIUM,51,no,2840,en,2026-04-17T13:05:07.589668+00:00
gamechangertraps.com,wild hog trap gates,10,1.3,HIGH,100,yes,2840,en,2026-04-17T13:05:07.589668+00:00
gamechangertraps.com,wild hog trap plans,30,2.61,LOW,23,yes,2840,en,2026-04-17T13:05:07.589668+00:00
gamechangertraps.com,wild hog trapping in texas,10,,MEDIUM,57,no,2840,en,2026-04-17T13:05:07.589668+00:00
gamechangertraps.com,wild hog traps diy,10,,LOW,,yes,2840,en,2026-04-17T13:05:07.589668+00:00
gamechangertraps.com,wild hog usa,320,4.38,LOW,1,yes,2840,en,2026-04-17T13:05:07.589668+00:00
gamechangertraps.com,wild hog video,390,3.58,LOW,,yes,2840,en,2026-04-17T13:05:07.589668+00:00
gamechangertraps.com,wild hogs for sale near me,10,,LOW,32,no,2840,en,2026-04-17T13:05:07.589668+00:00
gamechangertraps.com,wild hogs rooting,70,0.8,LOW,,no,2840,en,2026-04-17T13:05:07.589668+00:00
gamechangertraps.com,wild pigs in usa,320,4.38,LOW,1,no,2840,en,2026-04-17T13:05:07.589668+00:00
gamechangertraps.com,wireless hog trap,10,2.27,HIGH,94,yes,2840,en,2026-04-17T13:05:07.589668+00:00
gamechangertraps.com,wireless hog traps for sale,10,,,,yes,2840,en,2026-04-17T13:05:07.589668+00:00
gamechangertraps.com,wood hog trap,20,,LOW,1,no,2840,en,2026-04-17T13:05:07.589668+00:00
