issue_id,issue_class,crawler_source,affected_url_or_object,severity,status,ownership,fix_path,hitl_required,evidence_before,fix_summary,evidence_after,verification_method,remaining_gap,notes
hogeye-404-resources,status_code,2026.04.09.05.15.26 baseline,http://hogeyecameras.com/resources,high,new,redirect,redirect_map,yes,baseline technical-findings §404,301 to HTTPS resources hub or restore page,,http_status,Confirm preferred host (www vs non-www),
hogeye-404-sim-card-post,status_code,2026.04.09.05.15.26 baseline,https://hogeyecameras.com/sim-card-performance-for-ranch-cameras-lte-vs-multi-carrier/,high,new,content,content_api,yes,baseline technical-findings §404,Restore or 301 to live article,,http_status,,
hogeye-404-trap-camera,status_code,2026.04.09.05.15.26 baseline,https://hogeyecameras.com/trap-camera/,high,new,content,content_api,yes,baseline technical-findings §404,Restore or 301 to closest live URL,,http_status,,
hogeye-404-reolink-trap-mods,status_code,2026.04.09.05.15.26 baseline,https://hogeyecameras.com/reolink-trap-mods-vs-hogeye-2026/,high,new,content,content_api,yes,baseline technical-findings §404,Restore draft/publish or 301,,http_status,,
hogeye-mixed-content-sitewide,security,2026.04.09.05.15.26 baseline,19 internal HTML pages (~15%),high,new,media,media_api,yes,insecure_content.csv (audit repo),Replace http:// asset and PDF links with https://,,focused_url_list_crawl,Beaver Builder / media library may own URLs,
hogeye-meta-category-hubs,metadata,2026.04.09.05.15.26 baseline,/category/feral-hog-monitoring/ + 2 sibling hubs,medium,new,metadata,metadata_api,yes,baseline technical-findings §Category hubs,Add unique meta descriptions per hub,,rendered_html,,
hogeye-h1-buy-now,heading,2026.04.09.05.15.26 baseline,https://hogeyecameras.com/buy-now/,high,new,template,builder_ui,yes,baseline technical-findings §Buy Now,Add visible H1; improve title length,,rendered_html,Conversion page — human review,
hogeye-title-buy-now-short,title,2026.04.09.05.15.26 baseline,https://hogeyecameras.com/buy-now/,medium,new,metadata,metadata_api,yes,page_titles_below_30_characters.csv,Expand title tag (30–60 chars target),,rendered_html,Pair with buy-now template work,
hogeye-images-missing-alt,image_alt,2026.04.09.05.15.26 baseline,5 images (sitewide),medium,new,media,media_api,no,baseline technical-findings §Images,Add alt text in WP media or builder,,rendered_html,,
