keyword,search_volume,cpc,competition,competition_level,competition_index
ground hog trap,12100,0.9,HIGH,,91
feral hog trap,6600,1.27,HIGH,,71
feral hog traps,6600,1.27,HIGH,,71
hog traps,6600,1.16,HIGH,,100
wild hog traps,6600,1.27,HIGH,,71
wild boar trap,6600,1.27,HIGH,,71
boar trap,6600,1.27,HIGH,,71
ground hog live trap,6600,0.46,MEDIUM,,44
hog in trap,6600,1.16,HIGH,,100
hogs in a trap,6600,1.16,HIGH,,100
trapped hogs,6600,1.16,HIGH,,100
trap camera,5400,1.19,LOW,,31
camera trapper,5400,1.19,LOW,,31
hog snare,1600,1.15,MEDIUM,,58
corral hog trap,590,3.04,LOW,,13
hog traps for sale,480,0.85,HIGH,,100
hog traps for sale near me,390,0.78,HIGH,,100
hog trap gate,390,1.52,HIGH,,100
jager pro hog trap,390,3.67,MEDIUM,,35
ground hog kill trap,390,1,HIGH,,100
jager hog trap,390,3.67,MEDIUM,,35
jager pro trap,390,3.67,MEDIUM,,35
wildlife camera trap,260,1.55,HIGH,,67
net hog trap,260,1.79,HIGH,,90
animal camera trap,260,1.55,HIGH,,67
best ground hog trap,260,0.54,HIGH,,100
homemade hog trap,260,0.23,LOW,,19
used hog traps for sale,210,0.24,HIGH,,71
boar buster hog trap,210,4.09,MEDIUM,,57
hog drop trap,210,1.69,HIGH,,96
hog trap for sale $260,210,0.31,HIGH,,97
boarbuster hog trap,210,3.55,LOW,,5
ground hog trap for sale,210,0.38,HIGH,,100
bondo ape camera trap,210,,LOW,,
dropping hog trap,210,1.69,HIGH,,96
hog net trap,170,2.04,HIGH,,98
portable hog trap,170,0.42,HIGH,,95
wild hog traps for sale,140,0.94,HIGH,,100
cellular hog trap trigger,140,0.76,LOW,,33
feral hog traps for sale,140,0.94,HIGH,,100
hogeye camera,140,0.84,MEDIUM,,44
big hog trap,140,2.24,HIGH,,82
hog boss gates,140,1.73,HIGH,,100
round hog trap,140,0.85,HIGH,,94
reconyx camera trap,140,0.78,LOW,,9
large hog traps,140,2.24,HIGH,,82
ground hog cage,140,0.33,HIGH,,100
wild boar traps for sale,140,0.94,HIGH,,100
box hog trap,140,1.56,MEDIUM,,37
circle hog trap,140,0.85,HIGH,,94
corral trap for feral hogs,140,1.05,LOW,,15
hog trap door trigger designs,140,0.04,LOW,,33
huge hog trap,140,2.24,HIGH,,82
cellular hog trap,110,1.3,HIGH,,97
automatic hog trap,110,1.17,HIGH,,96
remote hog trap,110,1.65,HIGH,,100
cheap hog trap,110,0.36,HIGH,,86
remote control hog trap,110,1.65,HIGH,,100
catching a ground hog,110,2.54,LOW,,31
corral traps,110,1.57,LOW,,19
hog eye trap,90,2.41,HIGH,,72
best hog traps,90,1.65,HIGH,,98
boar buster trap,90,2.88,MEDIUM,,46
hog trap net,90,2.05,HIGH,,100
remote hog trap trigger,90,0.66,HIGH,,93
hog eye camera,90,1.44,HIGH,,80
game changer hog trap,90,3.15,LOW,,15
hog boss traps,90,2.44,HIGH,,100
hog traps that drop,90,1.35,HIGH,,96
diy cellular hog trap trigger,90,0.23,LOW,,9
c hog trap,90,,LOW,,25
feral hog snares,90,0.29,MEDIUM,,50
hog c trap,90,,LOW,,25
snaring wild hogs,90,0.29,MEDIUM,,50
hog trap gate trigger,70,1.41,HIGH,,78
hogeye traps,70,2.3,MEDIUM,,57
dslr camera trap,70,0.87,LOW,,6
hog snare trap,70,0.76,HIGH,,100
hog cage trap,70,0.64,HIGH,,100
glue traps amazon,70,0.86,HIGH,,76
hog trap panels,70,1.07,HIGH,,93
drop trap for hogs,70,1.18,HIGH,,94
building a hog trap,70,0.56,HIGH,,69
camera trap dslr,70,0.87,LOW,,6
cattle panel hog trap,70,,LOW,,9
hog slammer trap gate,70,0.53,MEDIUM,,56
hog trap cattle panels,70,,LOW,,9
making a hog trap,70,0.56,HIGH,,69
boss hawg traps,50,2.7,MEDIUM,,36
browning camera traps,50,0.9,HIGH,,100
hog traps near me,50,1.83,HIGH,,75
cellular hog trap gate,50,0.84,HIGH,,94
catching hogs,50,2.46,LOW,,6
foot snare for hogs,50,0.19,HIGH,,100
hog commander hog trap,50,0.77,LOW,,33
hog commander trap,50,0.77,LOW,,33
hog foot snare trap,50,0.32,HIGH,,95
hog foot trap,50,0.32,HIGH,,95
infrared camera trap,50,,LOW,,8
mouse trap camera,50,0.02,LOW,,2
boar buster trap price,40,3.32,LOW,,18
hogg boss cellular control unit,40,0.64,HIGH,,82
boss hog traps,40,1.23,HIGH,,93
electronic hog trap,40,0.76,HIGH,,95
camera trap photography,40,,LOW,,
remote control trap trigger,40,0.67,LOW,,28
jager pro hog trap price,40,1.78,LOW,,19
boar buster trap for sale,40,4.08,LOW,,24
hog pen trap,40,1.29,HIGH,,99
catching wild hogs,40,2.2,LOW,,5
boar buster hog trap for sale,40,4.08,LOW,,24
boarbuster trap,40,0.96,LOW,,14
catching feral hogs,40,1.86,LOW,,18
civet trap,40,0.14,LOW,,2
groundhog under my deck,40,,MEDIUM,,45
photo trap camera,40,,LOW,,
phototrap,40,,LOW,,23
hog trap gates for sale,30,0.47,HIGH,,100
cognisys camera trap,30,0.18,LOW,,22
camera trapping for wildlife research,30,,LOW,,7
net trap for hogs,30,1.32,HIGH,,76
camera trap price,30,0.62,HIGH,,100
live hog traps,30,0.91,HIGH,,100
camera trap diy,30,,LOW,,1
home made hog trap,30,0.26,MEDIUM,,48
rc100 remote control trap trigger,30,0.32,LOW,,24
shooting hogs in trap,30,2.38,LOW,,11
small hog trap,30,0.97,HIGH,,86
wild boar cage trap,30,0.51,HIGH,,86
wild hog live traps,30,,LOW,,11
wild hog trap designs,30,1.43,MEDIUM,,38
remote trap trigger,20,0.41,MEDIUM,,34
best camera traps for wildlife,20,1.08,HIGH,,95
best camera traps,20,1.44,HIGH,,100
trapping ground hogs,20,,MEDIUM,,43
boar buster hog trap prices,20,4.26,MEDIUM,,33
hog trapping systems,20,1.52,HIGH,,82
used hog traps for sale near me,20,0.18,MEDIUM,,65
hog snare tractor supply,20,0.22,HIGH,,100
boss hawg hog traps,20,4.22,LOW,,17
hog snares amazon,20,0.27,HIGH,,94
boarbuster hog trap price,20,4.26,MEDIUM,,33
circular hog trap that drops,20,1.63,MEDIUM,,63
guillotine hog trap,20,,LOW,,10
hog box trap,20,0.44,HIGH,,69
hog hunting traps,20,0.17,MEDIUM,,38
hog panel trap,20,1.66,MEDIUM,,55
hog trap on wheels,20,0.06,MEDIUM,,50
hogg boss trap,20,1.8,HIGH,,73
hogtrapping,20,4.56,MEDIUM,,45
jager pro hog trap gate,20,3.82,LOW,,31
night camera trap,20,,LOW,,
remote trigger for hog trap,20,0.89,HIGH,,69
shooting hogs in a trap,20,2.12,LOW,,10
shooting trapped hogs,20,,LOW,,2
tomahawk remote control trap trigger,20,0.18,LOW,,12
trampoline hog trap,20,,LOW,,2
trap ground hogs,20,,MEDIUM,,43
wild hog net trap,20,1.71,HIGH,,88
wood hog trap,20,0.71,LOW,,18
hog trap camera,10,1.5,HIGH,,89
hog trappers near me,10,4.93,MEDIUM,,51
garden camera trap,10,,,,
portable hog traps for sale,10,0.2,HIGH,,85
camera trap for garden,10,,,,
camera traps for sale,10,,LOW,,
cellular hog traps for sale,10,0.27,HIGH,,80
hog snares for sale,10,0.81,MEDIUM,,50
wild hog trapping and killing,10,,LOW,,
best hog traps for sale,10,0.89,HIGH,,96
hog trapping business,10,,,,
cell phone hog trap,10,0.83,MEDIUM,,59
boarbuster hog trap for sale,10,,LOW,,20
wifi camera trap,10,,,,
new hog trap,10,0.08,HIGH,,100
hogeye hog traps,10,2.17,MEDIUM,,60
trap cameras amazon,10,0.21,HIGH,,97
best wild hog traps,10,0.66,HIGH,,100
round hog traps for sale,10,0.1,LOW,,14
angry boar hog traps,10,,MEDIUM,,33
buy hog trap,10,,HIGH,,93
best camera trap for wildlife photography,10,0.65,MEDIUM,,55
nature camera trap,10,0.54,MEDIUM,,54
catching hogs in traps,10,1.3,LOW,,11
4k camera trap,10,,HIGH,,100
6 hog trap,10,0.34,HIGH,,90
amazon camera trap,10,0.44,MEDIUM,,54
amazon wildlife camera trap,10,,LOW,,
apeman camera trap,10,,,,
automatic hog trap gate,10,0.82,HIGH,,96
baiting ground hogs,10,,LOW,,14
best animal camera trap,10,,HIGH,,100
best animal trap camera,10,,,,
best camera trap for garden,10,,,,
best way to catch wild hogs,10,,,,
best way to kill a hog in a trap,10,,,,
best way to trap hogs,10,2.69,HIGH,,90
best way to trap wild hogs,10,,HIGH,,81
best wildlife trap camera,10,,,,
boar cage trap,10,0.14,HIGH,,88
boarbuster traps for sale,10,5.23,MEDIUM,,38
boss hog trap gate,10,0.64,HIGH,,95
building a wild hog trap,10,,MEDIUM,,63
bull creek hog trap,10,2.82,LOW,,25
c trap hogs,10,,,,
c&w hog traps,10,,,,
cam trip traps,10,0.95,HIGH,,86
camera catcher,10,,LOW,,2
camera for capturing wildlife,10,0.24,HIGH,,78
camera trap browning,10,,,,
camera trap cost,10,,LOW,,
camera trap raspberry pi,10,,LOW,,
camera trap reconyx,10,0.25,MEDIUM,,52
camera trap trigger,10,,LOW,,5
camera trap types,10,,,,
camera trap video,10,,LOW,,3
camera trap wifi,10,,,,
camera trap wildlife photography,10,,LOW,,
camera traps in animal ecology,10,,LOW,,
camtraptions camera trap,10,,LOW,,6
camtraptions trigger,10,,LOW,,7
catching ground hogs,10,,,,
catching wild hogs in traps,10,,LOW,,8
cell phone activated hog trap,10,1.71,HIGH,,90
cheap camera trap,10,,HIGH,,86
cheap hog traps for sale,10,,LOW,,
circle c hog trap,10,3.06,MEDIUM,,57
corral traps for capturing feral hogs,10,,,,
crenova camera trap,10,,,,
custom hog traps,10,2.78,HIGH,,100
deer in hog trap,10,,LOW,,
different types of hog traps,10,,HIGH,,100
diy dslr camera trap,10,,LOW,,
double c hog trap,10,,,,
easy hog trap,10,1.27,HIGH,,94
electronic hog trap gate,10,0.85,HIGH,,89
forest camera trap,10,,LOW,,
game changer jr hog trap,10,,LOW,,4
game trap camera,10,,HIGH,,100
gopro camera trap,10,,MEDIUM,,62
guillotine gate for hog trap,10,0.14,MEDIUM,,54
guillotine hog trap door trigger,10,,LOW,,7
hawg traps,10,5.15,MEDIUM,,35
hay ring hog trap,10,,LOW,,1
heart shaped hog trap,10,,LOW,,14
hedgehog camera trap,10,,LOW,,
hog brig,10,2.38,MEDIUM,,54
hog brig trap,10,,LOW,,
hog buster trap,10,2.49,MEDIUM,,40
hog circle trap,10,,LOW,,25
hog leg snare,10,0.88,HIGH,,100
hog leg snare trap,10,0.03,HIGH,,100
hog leg trap,10,,HIGH,,100
hog slammer gate,10,0.16,HIGH,,87
hog trap gate release,10,0.48,HIGH,,80
hog trap gate trigger mechanism,10,1.79,HIGH,,67
hog trap made out of netting,10,,,,
hog trap panels for sale,10,1.23,HIGH,,100
hog trap prices,10,,MEDIUM,,43
hog trap with wheels,10,0.02,MEDIUM,,48
hog trapping and killing,10,,LOW,,
hog trapping supplies,10,1.3,MEDIUM,,54
hog traps amazon,10,,HIGH,,100
hogeye camera price,10,,LOW,,7
hogeye trap cameras,10,1.13,MEDIUM,,64
hold a hawg snare trap,10,,,,
hold a hawg trap,10,0.74,MEDIUM,,45
hold a hog foot snare,10,0.26,HIGH,,93
hold a hog snare,10,0.9,HIGH,,77
hold a hog trap,10,0.74,MEDIUM,,45
homemade cellular hog trap,10,,LOW,,
homemade hog snares,10,,,,
homemade wild hog traps,10,,LOW,,
jager pro hog panels,10,,LOW,,14
jager pro hog trap for sale,10,3.61,LOW,,29
jager pro mine trap,10,,LOW,,
killing hogs in a trap,10,,LOW,,6
killing hogs in trap,10,,LOW,,6
killing trapped feral hogs,10,,,,
killing trapped hogs,10,,LOW,,7
killing wild hogs in traps,10,,LOW,,7
leg boar trap,10,,LOW,,
leopard camera trap,10,,LOW,,
mobile hog trap,10,0.54,MEDIUM,,65
mouse camera trap,10,,,,
new hog trap net,10,,,,
night vision camera trap,10,,MEDIUM,,33
outdoor camera trap,10,,,,
panthera camera trap,10,,LOW,,
phone activated hog trap,10,1.2,HIGH,,74
pork trap,10,,LOW,,
raspberry pi camera trap,10,,LOW,,
rat camera trap,10,0.22,HIGH,,79
rechargeable camera trap,10,,,,
remote activated hog trap,10,2.71,HIGH,,100
remote camera trap,10,,HIGH,,83
remote controlled hog trap gate,10,,LOW,,
remote hog trap gate,10,0.78,HIGH,,100
round pen hog trap,10,0.12,HIGH,,100
rspb camera trap,10,,,,
setting hog snares,10,,LOW,,25
simple hog trap,10,0.02,MEDIUM,,66
solar powered camera trap,10,,LOW,,
southern hog snares,10,,HIGH,,100
spiral hog trap,10,,HIGH,,98
suspended hog trap,10,,HIGH,,93
tiger camera trap,10,,LOW,,
time lapse camera trap,10,,,,
trail camera trap,10,,,,
trap camera information,10,,LOW,,
trapping and killing wild hogs,10,,LOW,,
traps for ground hogs,10,,,,
traps for hogs,10,3.28,MEDIUM,,50
types of hog traps,10,0.97,MEDIUM,,55
underwater camera trap,10,0.22,HIGH,,84
usda hog trap,10,,LOW,,6
used boarbuster hog traps for sale,10,,,,
used hog traps,10,0.53,LOW,,33
victure wildlife trap camera 20mp,10,,LOW,,
video camera trap,10,,LOW,,3
wexford hog trap,10,,HIGH,,79
white flash camera trap,10,,LOW,,29
wild boar spring trap,10,,,,
wild hog catch pens,10,,MEDIUM,,50
wild hog corral trap,10,0.96,MEDIUM,,59
wild hog drop trap,10,3.88,HIGH,,81
wild hog foot snares,10,,,,
wild hog gate,10,,MEDIUM,,59
wild hog snares for sale,10,,,,
wild hog trap doors,10,0.13,HIGH,,100
wild hog trap gates,10,,HIGH,,100
wild hog traps tractor supply,10,,,,
wildlife camera trap amazon,10,,,,
wildlife camera trap wifi,10,,,,
wildlife camera traps for sale,10,3.71,MEDIUM,,52
wildlife video camera trap,10,,,,
wireless camera traps,10,,,,
wireless hog trap,10,0.49,HIGH,,100
wireless hog trap gate,10,0.5,HIGH,,71
wireless hog traps for sale,10,,,,
wireless rancher hog trap,10,,,,
hog trap camera system,,,,,
hog trap monitor,,,,,
trap camera with remote trigger,,,,,
net trap camera,,,,,
hog trap release,,,,,
budget camera traps,,,,,
camtraptions wireless radio trigger,,,,,
hollis farms hog trapping,,,,,
lidl camera trap,,,,,
victure camera trap,,,,,
wildhogtrapping,,,,,
