keyword,dfs_search_volume,dfs_cpc,dfs_competition,dfs_competition_level,gsc_impressions,gsc_clicks,gsc_ctr,gsc_avg_position,fetched_at
ground hog trap,12100,0.9,HIGH,,,,,,2026-03-18T21:00:51.123951+00:00
feral hog trap,6600,1.27,HIGH,,,,,,2026-03-18T21:00:51.123951+00:00
feral hog traps,6600,1.27,HIGH,,,,,,2026-03-18T21:00:51.123951+00:00
hog traps,6600,1.16,HIGH,,,,,,2026-03-18T21:00:51.123951+00:00
wild hog traps,6600,1.27,HIGH,,,,,,2026-03-18T21:00:51.123951+00:00
wild boar trap,6600,1.27,HIGH,,,,,,2026-03-18T21:00:51.123951+00:00
boar trap,6600,1.27,HIGH,,,,,,2026-03-18T21:00:51.123951+00:00
ground hog live trap,6600,0.46,MEDIUM,,,,,,2026-03-18T21:00:51.123951+00:00
hog in trap,6600,1.16,HIGH,,,,,,2026-03-18T21:00:51.123951+00:00
hogs in a trap,6600,1.16,HIGH,,,,,,2026-03-18T21:00:51.123951+00:00
trapped hogs,6600,1.16,HIGH,,,,,,2026-03-18T21:00:51.123951+00:00
trap camera,5400,1.19,LOW,,,,,,2026-03-18T21:00:51.123951+00:00
camera trapper,5400,1.19,LOW,,,,,,2026-03-18T21:00:51.123951+00:00
hog snare,1600,1.15,MEDIUM,,,,,,2026-03-18T21:00:51.123951+00:00
corral hog trap,590,3.04,LOW,,,,,,2026-03-18T21:00:51.123951+00:00
hog traps for sale,480,0.85,HIGH,,,,,,2026-03-18T21:00:51.123951+00:00
hog traps for sale near me,390,0.78,HIGH,,,,,,2026-03-18T21:00:51.123951+00:00
hog trap gate,390,1.52,HIGH,,,,,,2026-03-18T21:00:51.123951+00:00
jager pro hog trap,390,3.67,MEDIUM,,,,,,2026-03-18T21:00:51.123951+00:00
ground hog kill trap,390,1,HIGH,,,,,,2026-03-18T21:00:51.123951+00:00
jager hog trap,390,3.67,MEDIUM,,,,,,2026-03-18T21:00:51.123951+00:00
jager pro trap,390,3.67,MEDIUM,,,,,,2026-03-18T21:00:51.123951+00:00
wildlife camera trap,260,1.55,HIGH,,,,,,2026-03-18T21:00:51.123951+00:00
net hog trap,260,1.79,HIGH,,,,,,2026-03-18T21:00:51.123951+00:00
animal camera trap,260,1.55,HIGH,,,,,,2026-03-18T21:00:51.123951+00:00
best ground hog trap,260,0.54,HIGH,,,,,,2026-03-18T21:00:51.123951+00:00
homemade hog trap,260,0.23,LOW,,,,,,2026-03-18T21:00:51.123951+00:00
used hog traps for sale,210,0.24,HIGH,,,,,,2026-03-18T21:00:51.123951+00:00
boar buster hog trap,210,4.09,MEDIUM,,,,,,2026-03-18T21:00:51.123951+00:00
hog drop trap,210,1.69,HIGH,,,,,,2026-03-18T21:00:51.123951+00:00
hog trap for sale $260,210,0.31,HIGH,,,,,,2026-03-18T21:00:51.123951+00:00
boarbuster hog trap,210,3.55,LOW,,,,,,2026-03-18T21:00:51.123951+00:00
ground hog trap for sale,210,0.38,HIGH,,,,,,2026-03-18T21:00:51.123951+00:00
bondo ape camera trap,210,,LOW,,,,,,2026-03-18T21:00:51.123951+00:00
dropping hog trap,210,1.69,HIGH,,,,,,2026-03-18T21:00:51.123951+00:00
hog net trap,170,2.04,HIGH,,,,,,2026-03-18T21:00:51.123951+00:00
portable hog trap,170,0.42,HIGH,,,,,,2026-03-18T21:00:51.123951+00:00
wild hog traps for sale,140,0.94,HIGH,,,,,,2026-03-18T21:00:51.123951+00:00
cellular hog trap trigger,140,0.76,LOW,,,,,,2026-03-18T21:00:51.123951+00:00
feral hog traps for sale,140,0.94,HIGH,,,,,,2026-03-18T21:00:51.123951+00:00
hogeye camera,140,0.84,MEDIUM,,,,,,2026-03-18T21:00:51.123951+00:00
big hog trap,140,2.24,HIGH,,,,,,2026-03-18T21:00:51.123951+00:00
hog boss gates,140,1.73,HIGH,,,,,,2026-03-18T21:00:51.123951+00:00
round hog trap,140,0.85,HIGH,,,,,,2026-03-18T21:00:51.123951+00:00
reconyx camera trap,140,0.78,LOW,,,,,,2026-03-18T21:00:51.123951+00:00
large hog traps,140,2.24,HIGH,,,,,,2026-03-18T21:00:51.123951+00:00
ground hog cage,140,0.33,HIGH,,,,,,2026-03-18T21:00:51.123951+00:00
wild boar traps for sale,140,0.94,HIGH,,,,,,2026-03-18T21:00:51.123951+00:00
box hog trap,140,1.56,MEDIUM,,,,,,2026-03-18T21:00:51.123951+00:00
circle hog trap,140,0.85,HIGH,,,,,,2026-03-18T21:00:51.123951+00:00
corral trap for feral hogs,140,1.05,LOW,,,,,,2026-03-18T21:00:51.123951+00:00
hog trap door trigger designs,140,0.04,LOW,,,,,,2026-03-18T21:00:51.123951+00:00
huge hog trap,140,2.24,HIGH,,,,,,2026-03-18T21:00:51.123951+00:00
cellular hog trap,110,1.3,HIGH,,,,,,2026-03-18T21:00:51.123951+00:00
automatic hog trap,110,1.17,HIGH,,,,,,2026-03-18T21:00:51.123951+00:00
remote hog trap,110,1.65,HIGH,,,,,,2026-03-18T21:00:51.123951+00:00
cheap hog trap,110,0.36,HIGH,,,,,,2026-03-18T21:00:51.123951+00:00
remote control hog trap,110,1.65,HIGH,,,,,,2026-03-18T21:00:51.123951+00:00
catching a ground hog,110,2.54,LOW,,,,,,2026-03-18T21:00:51.123951+00:00
corral traps,110,1.57,LOW,,,,,,2026-03-18T21:00:51.123951+00:00
hog eye trap,90,2.41,HIGH,,,,,,2026-03-18T21:00:51.123951+00:00
best hog traps,90,1.65,HIGH,,,,,,2026-03-18T21:00:51.123951+00:00
boar buster trap,90,2.88,MEDIUM,,,,,,2026-03-18T21:00:51.123951+00:00
hog trap net,90,2.05,HIGH,,,,,,2026-03-18T21:00:51.123951+00:00
remote hog trap trigger,90,0.66,HIGH,,,,,,2026-03-18T21:00:51.123951+00:00
hog eye camera,90,1.44,HIGH,,,,,,2026-03-18T21:00:51.123951+00:00
game changer hog trap,90,3.15,LOW,,,,,,2026-03-18T21:00:51.123951+00:00
hog boss traps,90,2.44,HIGH,,,,,,2026-03-18T21:00:51.123951+00:00
hog traps that drop,90,1.35,HIGH,,,,,,2026-03-18T21:00:51.123951+00:00
diy cellular hog trap trigger,90,0.23,LOW,,,,,,2026-03-18T21:00:51.123951+00:00
c hog trap,90,,LOW,,,,,,2026-03-18T21:00:51.123951+00:00
feral hog snares,90,0.29,MEDIUM,,,,,,2026-03-18T21:00:51.123951+00:00
hog c trap,90,,LOW,,,,,,2026-03-18T21:00:51.123951+00:00
snaring wild hogs,90,0.29,MEDIUM,,,,,,2026-03-18T21:00:51.123951+00:00
hog trap gate trigger,70,1.41,HIGH,,,,,,2026-03-18T21:00:51.123951+00:00
hogeye traps,70,2.3,MEDIUM,,,,,,2026-03-18T21:00:51.123951+00:00
dslr camera trap,70,0.87,LOW,,,,,,2026-03-18T21:00:51.123951+00:00
hog snare trap,70,0.76,HIGH,,,,,,2026-03-18T21:00:51.123951+00:00
hog cage trap,70,0.64,HIGH,,,,,,2026-03-18T21:00:51.123951+00:00
glue traps amazon,70,0.86,HIGH,,,,,,2026-03-18T21:00:51.123951+00:00
hog trap panels,70,1.07,HIGH,,,,,,2026-03-18T21:00:51.123951+00:00
drop trap for hogs,70,1.18,HIGH,,,,,,2026-03-18T21:00:51.123951+00:00
building a hog trap,70,0.56,HIGH,,,,,,2026-03-18T21:00:51.123951+00:00
camera trap dslr,70,0.87,LOW,,,,,,2026-03-18T21:00:51.123951+00:00
cattle panel hog trap,70,,LOW,,,,,,2026-03-18T21:00:51.123951+00:00
hog slammer trap gate,70,0.53,MEDIUM,,,,,,2026-03-18T21:00:51.123951+00:00
hog trap cattle panels,70,,LOW,,,,,,2026-03-18T21:00:51.123951+00:00
making a hog trap,70,0.56,HIGH,,,,,,2026-03-18T21:00:51.123951+00:00
boss hawg traps,50,2.7,MEDIUM,,,,,,2026-03-18T21:00:51.123951+00:00
browning camera traps,50,0.9,HIGH,,,,,,2026-03-18T21:00:51.123951+00:00
hog traps near me,50,1.83,HIGH,,,,,,2026-03-18T21:00:51.123951+00:00
cellular hog trap gate,50,0.84,HIGH,,,,,,2026-03-18T21:00:51.123951+00:00
catching hogs,50,2.46,LOW,,,,,,2026-03-18T21:00:51.123951+00:00
foot snare for hogs,50,0.19,HIGH,,,,,,2026-03-18T21:00:51.123951+00:00
hog commander hog trap,50,0.77,LOW,,,,,,2026-03-18T21:00:51.123951+00:00
hog commander trap,50,0.77,LOW,,,,,,2026-03-18T21:00:51.123951+00:00
hog foot snare trap,50,0.32,HIGH,,,,,,2026-03-18T21:00:51.123951+00:00
hog foot trap,50,0.32,HIGH,,,,,,2026-03-18T21:00:51.123951+00:00
infrared camera trap,50,,LOW,,,,,,2026-03-18T21:00:51.123951+00:00
mouse trap camera,50,0.02,LOW,,,,,,2026-03-18T21:00:51.123951+00:00
boar buster trap price,40,3.32,LOW,,,,,,2026-03-18T21:00:51.123951+00:00
hogg boss cellular control unit,40,0.64,HIGH,,,,,,2026-03-18T21:00:51.123951+00:00
boss hog traps,40,1.23,HIGH,,,,,,2026-03-18T21:00:51.123951+00:00
electronic hog trap,40,0.76,HIGH,,,,,,2026-03-18T21:00:51.123951+00:00
camera trap photography,40,,LOW,,,,,,2026-03-18T21:00:51.123951+00:00
remote control trap trigger,40,0.67,LOW,,,,,,2026-03-18T21:00:51.123951+00:00
jager pro hog trap price,40,1.78,LOW,,,,,,2026-03-18T21:00:51.123951+00:00
boar buster trap for sale,40,4.08,LOW,,,,,,2026-03-18T21:00:51.123951+00:00
hog pen trap,40,1.29,HIGH,,,,,,2026-03-18T21:00:51.123951+00:00
catching wild hogs,40,2.2,LOW,,,,,,2026-03-18T21:00:51.123951+00:00
boar buster hog trap for sale,40,4.08,LOW,,,,,,2026-03-18T21:00:51.123951+00:00
boarbuster trap,40,0.96,LOW,,,,,,2026-03-18T21:00:51.123951+00:00
catching feral hogs,40,1.86,LOW,,,,,,2026-03-18T21:00:51.123951+00:00
civet trap,40,0.14,LOW,,,,,,2026-03-18T21:00:51.123951+00:00
groundhog under my deck,40,,MEDIUM,,,,,,2026-03-18T21:00:51.123951+00:00
photo trap camera,40,,LOW,,,,,,2026-03-18T21:00:51.123951+00:00
phototrap,40,,LOW,,,,,,2026-03-18T21:00:51.123951+00:00
hog trap gates for sale,30,0.47,HIGH,,,,,,2026-03-18T21:00:51.123951+00:00
cognisys camera trap,30,0.18,LOW,,,,,,2026-03-18T21:00:51.123951+00:00
camera trapping for wildlife research,30,,LOW,,,,,,2026-03-18T21:00:51.123951+00:00
net trap for hogs,30,1.32,HIGH,,,,,,2026-03-18T21:00:51.123951+00:00
camera trap price,30,0.62,HIGH,,,,,,2026-03-18T21:00:51.123951+00:00
live hog traps,30,0.91,HIGH,,,,,,2026-03-18T21:00:51.123951+00:00
camera trap diy,30,,LOW,,,,,,2026-03-18T21:00:51.123951+00:00
home made hog trap,30,0.26,MEDIUM,,,,,,2026-03-18T21:00:51.123951+00:00
rc100 remote control trap trigger,30,0.32,LOW,,,,,,2026-03-18T21:00:51.123951+00:00
shooting hogs in trap,30,2.38,LOW,,,,,,2026-03-18T21:00:51.123951+00:00
small hog trap,30,0.97,HIGH,,,,,,2026-03-18T21:00:51.123951+00:00
wild boar cage trap,30,0.51,HIGH,,,,,,2026-03-18T21:00:51.123951+00:00
wild hog live traps,30,,LOW,,,,,,2026-03-18T21:00:51.123951+00:00
wild hog trap designs,30,1.43,MEDIUM,,,,,,2026-03-18T21:00:51.123951+00:00
remote trap trigger,20,0.41,MEDIUM,,,,,,2026-03-18T21:00:51.123951+00:00
best camera traps for wildlife,20,1.08,HIGH,,,,,,2026-03-18T21:00:51.123951+00:00
best camera traps,20,1.44,HIGH,,,,,,2026-03-18T21:00:51.123951+00:00
trapping ground hogs,20,,MEDIUM,,,,,,2026-03-18T21:00:51.123951+00:00
boar buster hog trap prices,20,4.26,MEDIUM,,,,,,2026-03-18T21:00:51.123951+00:00
hog trapping systems,20,1.52,HIGH,,,,,,2026-03-18T21:00:51.123951+00:00
used hog traps for sale near me,20,0.18,MEDIUM,,,,,,2026-03-18T21:00:51.123951+00:00
hog snare tractor supply,20,0.22,HIGH,,,,,,2026-03-18T21:00:51.123951+00:00
boss hawg hog traps,20,4.22,LOW,,,,,,2026-03-18T21:00:51.123951+00:00
hog snares amazon,20,0.27,HIGH,,,,,,2026-03-18T21:00:51.123951+00:00
boarbuster hog trap price,20,4.26,MEDIUM,,,,,,2026-03-18T21:00:51.123951+00:00
circular hog trap that drops,20,1.63,MEDIUM,,,,,,2026-03-18T21:00:51.123951+00:00
guillotine hog trap,20,,LOW,,,,,,2026-03-18T21:00:51.123951+00:00
hog box trap,20,0.44,HIGH,,,,,,2026-03-18T21:00:51.123951+00:00
hog hunting traps,20,0.17,MEDIUM,,,,,,2026-03-18T21:00:51.123951+00:00
hog panel trap,20,1.66,MEDIUM,,,,,,2026-03-18T21:00:51.123951+00:00
hog trap on wheels,20,0.06,MEDIUM,,,,,,2026-03-18T21:00:51.123951+00:00
hogg boss trap,20,1.8,HIGH,,,,,,2026-03-18T21:00:51.123951+00:00
hogtrapping,20,4.56,MEDIUM,,,,,,2026-03-18T21:00:51.123951+00:00
jager pro hog trap gate,20,3.82,LOW,,,,,,2026-03-18T21:00:51.123951+00:00
night camera trap,20,,LOW,,,,,,2026-03-18T21:00:51.123951+00:00
remote trigger for hog trap,20,0.89,HIGH,,,,,,2026-03-18T21:00:51.123951+00:00
shooting hogs in a trap,20,2.12,LOW,,,,,,2026-03-18T21:00:51.123951+00:00
shooting trapped hogs,20,,LOW,,,,,,2026-03-18T21:00:51.123951+00:00
tomahawk remote control trap trigger,20,0.18,LOW,,,,,,2026-03-18T21:00:51.123951+00:00
trampoline hog trap,20,,LOW,,,,,,2026-03-18T21:00:51.123951+00:00
trap ground hogs,20,,MEDIUM,,,,,,2026-03-18T21:00:51.123951+00:00
wild hog net trap,20,1.71,HIGH,,,,,,2026-03-18T21:00:51.123951+00:00
wood hog trap,20,0.71,LOW,,,,,,2026-03-18T21:00:51.123951+00:00
hog trap camera,10,1.5,HIGH,,,,,,2026-03-18T21:00:51.123951+00:00
hog trappers near me,10,4.93,MEDIUM,,,,,,2026-03-18T21:00:51.123951+00:00
garden camera trap,10,,,,,,,,2026-03-18T21:00:51.123951+00:00
portable hog traps for sale,10,0.2,HIGH,,,,,,2026-03-18T21:00:51.123951+00:00
camera trap for garden,10,,,,,,,,2026-03-18T21:00:51.123951+00:00
camera traps for sale,10,,LOW,,,,,,2026-03-18T21:00:51.123951+00:00
cellular hog traps for sale,10,0.27,HIGH,,,,,,2026-03-18T21:00:51.123951+00:00
hog snares for sale,10,0.81,MEDIUM,,,,,,2026-03-18T21:00:51.123951+00:00
wild hog trapping and killing,10,,LOW,,,,,,2026-03-18T21:00:51.123951+00:00
best hog traps for sale,10,0.89,HIGH,,,,,,2026-03-18T21:00:51.123951+00:00
hog trapping business,10,,,,,,,,2026-03-18T21:00:51.123951+00:00
cell phone hog trap,10,0.83,MEDIUM,,,,,,2026-03-18T21:00:51.123951+00:00
boarbuster hog trap for sale,10,,LOW,,,,,,2026-03-18T21:00:51.123951+00:00
wifi camera trap,10,,,,,,,,2026-03-18T21:00:51.123951+00:00
new hog trap,10,0.08,HIGH,,,,,,2026-03-18T21:00:51.123951+00:00
hogeye hog traps,10,2.17,MEDIUM,,,,,,2026-03-18T21:00:51.123951+00:00
trap cameras amazon,10,0.21,HIGH,,,,,,2026-03-18T21:00:51.123951+00:00
best wild hog traps,10,0.66,HIGH,,,,,,2026-03-18T21:00:51.123951+00:00
round hog traps for sale,10,0.1,LOW,,,,,,2026-03-18T21:00:51.123951+00:00
angry boar hog traps,10,,MEDIUM,,,,,,2026-03-18T21:00:51.123951+00:00
buy hog trap,10,,HIGH,,,,,,2026-03-18T21:00:51.123951+00:00
best camera trap for wildlife photography,10,0.65,MEDIUM,,,,,,2026-03-18T21:00:51.123951+00:00
nature camera trap,10,0.54,MEDIUM,,,,,,2026-03-18T21:00:51.123951+00:00
catching hogs in traps,10,1.3,LOW,,,,,,2026-03-18T21:00:51.123951+00:00
4k camera trap,10,,HIGH,,,,,,2026-03-18T21:00:51.123951+00:00
6 hog trap,10,0.34,HIGH,,,,,,2026-03-18T21:00:51.123951+00:00
amazon camera trap,10,0.44,MEDIUM,,,,,,2026-03-18T21:00:51.123951+00:00
amazon wildlife camera trap,10,,LOW,,,,,,2026-03-18T21:00:51.123951+00:00
apeman camera trap,10,,,,,,,,2026-03-18T21:00:51.123951+00:00
automatic hog trap gate,10,0.82,HIGH,,,,,,2026-03-18T21:00:51.123951+00:00
baiting ground hogs,10,,LOW,,,,,,2026-03-18T21:00:51.123951+00:00
best animal camera trap,10,,HIGH,,,,,,2026-03-18T21:00:51.123951+00:00
best animal trap camera,10,,,,,,,,2026-03-18T21:00:51.123951+00:00
best camera trap for garden,10,,,,,,,,2026-03-18T21:00:51.123951+00:00
best way to catch wild hogs,10,,,,,,,,2026-03-18T21:00:51.123951+00:00
best way to kill a hog in a trap,10,,,,,,,,2026-03-18T21:00:51.123951+00:00
best way to trap hogs,10,2.69,HIGH,,,,,,2026-03-18T21:00:51.123951+00:00
best way to trap wild hogs,10,,HIGH,,,,,,2026-03-18T21:00:51.123951+00:00
best wildlife trap camera,10,,,,,,,,2026-03-18T21:00:51.123951+00:00
boar cage trap,10,0.14,HIGH,,,,,,2026-03-18T21:00:51.123951+00:00
boarbuster traps for sale,10,5.23,MEDIUM,,,,,,2026-03-18T21:00:51.123951+00:00
boss hog trap gate,10,0.64,HIGH,,,,,,2026-03-18T21:00:51.123951+00:00
building a wild hog trap,10,,MEDIUM,,,,,,2026-03-18T21:00:51.123951+00:00
bull creek hog trap,10,2.82,LOW,,,,,,2026-03-18T21:00:51.123951+00:00
c trap hogs,10,,,,,,,,2026-03-18T21:00:51.123951+00:00
c&w hog traps,10,,,,,,,,2026-03-18T21:00:51.123951+00:00
cam trip traps,10,0.95,HIGH,,,,,,2026-03-18T21:00:51.123951+00:00
camera catcher,10,,LOW,,,,,,2026-03-18T21:00:51.123951+00:00
camera for capturing wildlife,10,0.24,HIGH,,,,,,2026-03-18T21:00:51.123951+00:00
camera trap browning,10,,,,,,,,2026-03-18T21:00:51.123951+00:00
camera trap cost,10,,LOW,,,,,,2026-03-18T21:00:51.123951+00:00
camera trap raspberry pi,10,,LOW,,,,,,2026-03-18T21:00:51.123951+00:00
camera trap reconyx,10,0.25,MEDIUM,,,,,,2026-03-18T21:00:51.123951+00:00
camera trap trigger,10,,LOW,,,,,,2026-03-18T21:00:51.123951+00:00
camera trap types,10,,,,,,,,2026-03-18T21:00:51.123951+00:00
camera trap video,10,,LOW,,,,,,2026-03-18T21:00:51.123951+00:00
camera trap wifi,10,,,,,,,,2026-03-18T21:00:51.123951+00:00
camera trap wildlife photography,10,,LOW,,,,,,2026-03-18T21:00:51.123951+00:00
camera traps in animal ecology,10,,LOW,,,,,,2026-03-18T21:00:51.123951+00:00
camtraptions camera trap,10,,LOW,,,,,,2026-03-18T21:00:51.123951+00:00
camtraptions trigger,10,,LOW,,,,,,2026-03-18T21:00:51.123951+00:00
catching ground hogs,10,,,,,,,,2026-03-18T21:00:51.123951+00:00
catching wild hogs in traps,10,,LOW,,,,,,2026-03-18T21:00:51.123951+00:00
cell phone activated hog trap,10,1.71,HIGH,,,,,,2026-03-18T21:00:51.123951+00:00
cheap camera trap,10,,HIGH,,,,,,2026-03-18T21:00:51.123951+00:00
cheap hog traps for sale,10,,LOW,,,,,,2026-03-18T21:00:51.123951+00:00
circle c hog trap,10,3.06,MEDIUM,,,,,,2026-03-18T21:00:51.123951+00:00
corral traps for capturing feral hogs,10,,,,,,,,2026-03-18T21:00:51.123951+00:00
crenova camera trap,10,,,,,,,,2026-03-18T21:00:51.123951+00:00
custom hog traps,10,2.78,HIGH,,,,,,2026-03-18T21:00:51.123951+00:00
deer in hog trap,10,,LOW,,,,,,2026-03-18T21:00:51.123951+00:00
different types of hog traps,10,,HIGH,,,,,,2026-03-18T21:00:51.123951+00:00
diy dslr camera trap,10,,LOW,,,,,,2026-03-18T21:00:51.123951+00:00
double c hog trap,10,,,,,,,,2026-03-18T21:00:51.123951+00:00
easy hog trap,10,1.27,HIGH,,,,,,2026-03-18T21:00:51.123951+00:00
electronic hog trap gate,10,0.85,HIGH,,,,,,2026-03-18T21:00:51.123951+00:00
forest camera trap,10,,LOW,,,,,,2026-03-18T21:00:51.123951+00:00
game changer jr hog trap,10,,LOW,,,,,,2026-03-18T21:00:51.123951+00:00
game trap camera,10,,HIGH,,,,,,2026-03-18T21:00:51.123951+00:00
gopro camera trap,10,,MEDIUM,,,,,,2026-03-18T21:00:51.123951+00:00
guillotine gate for hog trap,10,0.14,MEDIUM,,,,,,2026-03-18T21:00:51.123951+00:00
guillotine hog trap door trigger,10,,LOW,,,,,,2026-03-18T21:00:51.123951+00:00
hawg traps,10,5.15,MEDIUM,,,,,,2026-03-18T21:00:51.123951+00:00
hay ring hog trap,10,,LOW,,,,,,2026-03-18T21:00:51.123951+00:00
heart shaped hog trap,10,,LOW,,,,,,2026-03-18T21:00:51.123951+00:00
hedgehog camera trap,10,,LOW,,,,,,2026-03-18T21:00:51.123951+00:00
hog brig,10,2.38,MEDIUM,,,,,,2026-03-18T21:00:51.123951+00:00
hog brig trap,10,,LOW,,,,,,2026-03-18T21:00:51.123951+00:00
hog buster trap,10,2.49,MEDIUM,,,,,,2026-03-18T21:00:51.123951+00:00
hog circle trap,10,,LOW,,,,,,2026-03-18T21:00:51.123951+00:00
hog leg snare,10,0.88,HIGH,,,,,,2026-03-18T21:00:51.123951+00:00
hog leg snare trap,10,0.03,HIGH,,,,,,2026-03-18T21:00:51.123951+00:00
hog leg trap,10,,HIGH,,,,,,2026-03-18T21:00:51.123951+00:00
hog slammer gate,10,0.16,HIGH,,,,,,2026-03-18T21:00:51.123951+00:00
hog trap gate release,10,0.48,HIGH,,,,,,2026-03-18T21:00:51.123951+00:00
hog trap gate trigger mechanism,10,1.79,HIGH,,,,,,2026-03-18T21:00:51.123951+00:00
hog trap made out of netting,10,,,,,,,,2026-03-18T21:00:51.123951+00:00
hog trap panels for sale,10,1.23,HIGH,,,,,,2026-03-18T21:00:51.123951+00:00
hog trap prices,10,,MEDIUM,,,,,,2026-03-18T21:00:51.123951+00:00
hog trap with wheels,10,0.02,MEDIUM,,,,,,2026-03-18T21:00:51.123951+00:00
hog trapping and killing,10,,LOW,,,,,,2026-03-18T21:00:51.123951+00:00
hog trapping supplies,10,1.3,MEDIUM,,,,,,2026-03-18T21:00:51.123951+00:00
hog traps amazon,10,,HIGH,,,,,,2026-03-18T21:00:51.123951+00:00
hogeye camera price,10,,LOW,,,,,,2026-03-18T21:00:51.123951+00:00
hogeye trap cameras,10,1.13,MEDIUM,,,,,,2026-03-18T21:00:51.123951+00:00
hold a hawg snare trap,10,,,,,,,,2026-03-18T21:00:51.123951+00:00
hold a hawg trap,10,0.74,MEDIUM,,,,,,2026-03-18T21:00:51.123951+00:00
hold a hog foot snare,10,0.26,HIGH,,,,,,2026-03-18T21:00:51.123951+00:00
hold a hog snare,10,0.9,HIGH,,,,,,2026-03-18T21:00:51.123951+00:00
hold a hog trap,10,0.74,MEDIUM,,,,,,2026-03-18T21:00:51.123951+00:00
homemade cellular hog trap,10,,LOW,,,,,,2026-03-18T21:00:51.123951+00:00
homemade hog snares,10,,,,,,,,2026-03-18T21:00:51.123951+00:00
homemade wild hog traps,10,,LOW,,,,,,2026-03-18T21:00:51.123951+00:00
jager pro hog panels,10,,LOW,,,,,,2026-03-18T21:00:51.123951+00:00
jager pro hog trap for sale,10,3.61,LOW,,,,,,2026-03-18T21:00:51.123951+00:00
jager pro mine trap,10,,LOW,,,,,,2026-03-18T21:00:51.123951+00:00
killing hogs in a trap,10,,LOW,,,,,,2026-03-18T21:00:51.123951+00:00
killing hogs in trap,10,,LOW,,,,,,2026-03-18T21:00:51.123951+00:00
killing trapped feral hogs,10,,,,,,,,2026-03-18T21:00:51.123951+00:00
killing trapped hogs,10,,LOW,,,,,,2026-03-18T21:00:51.123951+00:00
killing wild hogs in traps,10,,LOW,,,,,,2026-03-18T21:00:51.123951+00:00
leg boar trap,10,,LOW,,,,,,2026-03-18T21:00:51.123951+00:00
leopard camera trap,10,,LOW,,,,,,2026-03-18T21:00:51.123951+00:00
mobile hog trap,10,0.54,MEDIUM,,,,,,2026-03-18T21:00:51.123951+00:00
mouse camera trap,10,,,,,,,,2026-03-18T21:00:51.123951+00:00
new hog trap net,10,,,,,,,,2026-03-18T21:00:51.123951+00:00
night vision camera trap,10,,MEDIUM,,,,,,2026-03-18T21:00:51.123951+00:00
outdoor camera trap,10,,,,,,,,2026-03-18T21:00:51.123951+00:00
panthera camera trap,10,,LOW,,,,,,2026-03-18T21:00:51.123951+00:00
phone activated hog trap,10,1.2,HIGH,,,,,,2026-03-18T21:00:51.123951+00:00
pork trap,10,,LOW,,,,,,2026-03-18T21:00:51.123951+00:00
raspberry pi camera trap,10,,LOW,,,,,,2026-03-18T21:00:51.123951+00:00
rat camera trap,10,0.22,HIGH,,,,,,2026-03-18T21:00:51.123951+00:00
rechargeable camera trap,10,,,,,,,,2026-03-18T21:00:51.123951+00:00
remote activated hog trap,10,2.71,HIGH,,,,,,2026-03-18T21:00:51.123951+00:00
remote camera trap,10,,HIGH,,,,,,2026-03-18T21:00:51.123951+00:00
remote controlled hog trap gate,10,,LOW,,,,,,2026-03-18T21:00:51.123951+00:00
remote hog trap gate,10,0.78,HIGH,,,,,,2026-03-18T21:00:51.123951+00:00
round pen hog trap,10,0.12,HIGH,,,,,,2026-03-18T21:00:51.123951+00:00
rspb camera trap,10,,,,,,,,2026-03-18T21:00:51.123951+00:00
